iteration,constellation,number_of_satellites,number_of_ground_stations,subscribers_low,subscribers_baseline,subscribers_high,altitude_km,elevation_angle,dl_frequency_hz,power_dbw,receiver_gain_db,earth_atmospheric_losses_db,antenna_diameter_m,total_area_earth_km_sq,ideal_coverage_area_per_sat_sqkm,speed_of_light,antenna_efficiency,all_other_losses_db,number_of_beams,number_of_channels,polarization,dl_bandwidth_hz,subscriber_traffic_percent
0,Starlink,4425,150,2500000,3500000,4500000,540,28,11225657416,30,35,7,0.5594833013505576,510000000,115254.2372881356,300000000.0,0.6,0.53,8,6,1,250000000.0,20
1,Starlink,4425,150,2500000,3500000,4500000,542,34,12293284084,30,31,7,0.536637640169904,510000000,115254.2372881356,300000000.0,0.6,0.53,8,6,1,250000000.0,20
2,Starlink,4425,150,2500000,3500000,4500000,551,38,11179684517,30,28,14,0.6118174118243787,510000000,115254.2372881356,300000000.0,0.6,0.53,8,6,1,250000000.0,20
3,Starlink,4425,150,2500000,3500000,4500000,542,31,11359277004,30,32,8,0.5952712346559513,510000000,115254.2372881356,300000000.0,0.6,0.53,8,6,1,250000000.0,20
4,Starlink,4425,150,2500000,3500000,4500000,547,36,12290102201,30,28,13,0.6034884494996166,510000000,115254.2372881356,300000000.0,0.6,0.53,8,6,1,250000000.0,20
5,Starlink,4425,150,2500000,3500000,4500000,542,32,10704716878,30,30,10,0.5021607366058546,510000000,115254.2372881356,300000000.0,0.6,0.53,8,6,1,250000000.0,20
6,Starlink,4425,150,2500000,3500000,4500000,550,29,11619602372,30,34,12,0.5568469310333723,510000000,115254.2372881356,300000000.0,0.6,0.53,8,6,1,250000000.0,20
7,Starlink,4425,150,2500000,3500000,4500000,544,25,10913037947,30,31,11,0.5482280590420321,510000000,115254.2372881356,300000000.0,0.6,0.53,8,6,1,250000000.0,20
8,Starlink,4425,150,2500000,3500000,4500000,547,28,11564685450,30,28,18,0.5130130658665559,510000000,115254.2372881356,300000000.0,0.6,0.53,8,6,1,250000000.0,20
9,Starlink,4425,150,2500000,3500000,4500000,543,38,11570471716,30,32,8,0.6269149819604244,510000000,115254.2372881356,300000000.0,0.6,0.53,8,6,1,250000000.0,20
10,Starlink,4425,150,2500000,3500000,4500000,548,34,12074871167,30,29,11,0.6200947755396168,510000000,115254.2372881356,300000000.0,0.6,0.53,8,6,1,250000000.0,20
11,Starlink,4425,150,2500000,3500000,4500000,546,35,11148170275,30,28,18,0.6169402247368838,510000000,115254.2372881356,300000000.0,0.6,0.53,8,6,1,250000000.0,20
12,Starlink,4425,150,2500000,3500000,4500000,540,25,10809954289,30,33,9,0.5440091186444559,510000000,115254.2372881356,300000000.0,0.6,0.53,8,6,1,250000000.0,20
13,Starlink,4425,150,2500000,3500000,4500000,541,34,12268118413,30,30,10,0.5933234350049869,510000000,115254.2372881356,300000000.0,0.6,0.53,8,6,1,250000000.0,20
14,Starlink,4425,150,2500000,3500000,4500000,550,29,11531989076,30,35,11,0.6402172942560748,510000000,115254.2372881356,300000000.0,0.6,0.53,8,6,1,250000000.0,20
15,Starlink,4425,150,2500000,3500000,4500000,542,28,10966702668,30,28,16,0.5420889018925318,510000000,115254.2372881356,300000000.0,0.6,0.53,8,6,1,250000000.0,20
16,Starlink,4425,150,2500000,3500000,4500000,541,39,12459626160,30,29,12,0.5392040374884228,510000000,115254.2372881356,300000000.0,0.6,0.53,8,6,1,250000000.0,20
17,Starlink,4425,150,2500000,3500000,4500000,541,36,11059662234,30,27,10,0.5627034892533797,510000000,115254.2372881356,300000000.0,0.6,0.53,8,6,1,250000000.0,20
18,Starlink,4425,150,2500000,3500000,4500000,539,37,11488715873,30,28,10,0.5126702711106094,510000000,115254.2372881356,300000000.0,0.6,0.53,8,6,1,250000000.0,20
19,Starlink,4425,150,2500000,3500000,4500000,544,27,11995217766,30,28,13,0.5203857762961228,510000000,115254.2372881356,300000000.0,0.6,0.53,8,6,1,250000000.0,20
20,Starlink,4425,150,2500000,3500000,4500000,542,38,12608631927,30,30,3,0.6462990712089827,510000000,115254.2372881356,300000000.0,0.6,0.53,8,6,1,250000000.0,20
21,Starlink,4425,150,2500000,3500000,4500000,549,32,12007603695,30,31,12,0.5796587986986454,510000000,115254.2372881356,300000000.0,0.6,0.53,8,6,1,250000000.0,20
22,Starlink,4425,150,2500000,3500000,4500000,547,28,12414611365,30,29,7,0.6127827402802339,510000000,115254.2372881356,300000000.0,0.6,0.53,8,6,1,250000000.0,20
23,Starlink,4425,150,2500000,3500000,4500000,544,35,11261631483,30,32,2,0.6185741422211133,510000000,115254.2372881356,300000000.0,0.6,0.53,8,6,1,250000000.0,20
24,Starlink,4425,150,2500000,3500000,4500000,546,35,12176572156,30,33,9,0.5294165185433055,510000000,115254.2372881356,300000000.0,0.6,0.53,8,6,1,250000000.0,20
25,Starlink,4425,150,2500000,3500000,4500000,548,35,11381904424,30,33,10,0.5565867606008472,510000000,115254.2372881356,300000000.0,0.6,0.53,8,6,1,250000000.0,20
26,Starlink,4425,150,2500000,3500000,4500000,540,26,11308073968,30,27,15,0.583551382245661,510000000,115254.2372881356,300000000.0,0.6,0.53,8,6,1,250000000.0,20
27,Starlink,4425,150,2500000,3500000,4500000,550,32,11564753577,30,29,2,0.6000485744998977,510000000,115254.2372881356,300000000.0,0.6,0.53,8,6,1,250000000.0,20
28,Starlink,4425,150,2500000,3500000,4500000,541,36,11707208830,30,28,15,0.6210149079934307,510000000,115254.2372881356,300000000.0,0.6,0.53,8,6,1,250000000.0,20
29,Starlink,4425,150,2500000,3500000,4500000,549,29,11185716469,30,30,12,0.6157180891895955,510000000,115254.2372881356,300000000.0,0.6,0.53,8,6,1,250000000.0,20
30,Starlink,4425,150,2500000,3500000,4500000,548,25,12286311883,30,35,13,0.5437535661422462,510000000,115254.2372881356,300000000.0,0.6,0.53,8,6,1,250000000.0,20
31,Starlink,4425,150,2500000,3500000,4500000,551,36,12088115794,30,32,15,0.5103474701196885,510000000,115254.2372881356,300000000.0,0.6,0.53,8,6,1,250000000.0,20
32,Starlink,4425,150,2500000,3500000,4500000,542,25,11371862007,30,28,9,0.6296501881964706,510000000,115254.2372881356,300000000.0,0.6,0.53,8,6,1,250000000.0,20
33,Starlink,4425,150,2500000,3500000,4500000,539,36,12117868102,30,32,17,0.6223855880670393,510000000,115254.2372881356,300000000.0,0.6,0.53,8,6,1,250000000.0,20
34,Starlink,4425,150,2500000,3500000,4500000,540,37,12189278399,30,34,3,0.5423130752098609,510000000,115254.2372881356,300000000.0,0.6,0.53,8,6,1,250000000.0,20
35,Starlink,4425,150,2500000,3500000,4500000,542,37,11639017626,30,32,12,0.647340120017079,510000000,115254.2372881356,300000000.0,0.6,0.53,8,6,1,250000000.0,20
36,Starlink,4425,150,2500000,3500000,4500000,543,27,12536240321,30,33,13,0.5738808010061095,510000000,115254.2372881356,300000000.0,0.6,0.53,8,6,1,250000000.0,20
37,Starlink,4425,150,2500000,3500000,4500000,541,38,11209512286,30,33,16,0.6102365167228221,510000000,115254.2372881356,300000000.0,0.6,0.53,8,6,1,250000000.0,20
38,Starlink,4425,150,2500000,3500000,4500000,539,30,11387443397,30,32,3,0.5243547624051241,510000000,115254.2372881356,300000000.0,0.6,0.53,8,6,1,250000000.0,20
39,Starlink,4425,150,2500000,3500000,4500000,551,29,11716758731,30,33,5,0.5866322048194982,510000000,115254.2372881356,300000000.0,0.6,0.53,8,6,1,250000000.0,20
40,Starlink,4425,150,2500000,3500000,4500000,539,36,11878845335,30,28,11,0.6353553692282169,510000000,115254.2372881356,300000000.0,0.6,0.53,8,6,1,250000000.0,20
41,Starlink,4425,150,2500000,3500000,4500000,541,30,11755353947,30,30,18,0.5689002703862049,510000000,115254.2372881356,300000000.0,0.6,0.53,8,6,1,250000000.0,20
42,Starlink,4425,150,2500000,3500000,4500000,541,31,12326112515,30,34,10,0.596704750427792,510000000,115254.2372881356,300000000.0,0.6,0.53,8,6,1,250000000.0,20
43,Starlink,4425,150,2500000,3500000,4500000,541,33,12594934946,30,34,10,0.6275998390561561,510000000,115254.2372881356,300000000.0,0.6,0.53,8,6,1,250000000.0,20
44,Starlink,4425,150,2500000,3500000,4500000,547,37,10971884901,30,35,13,0.5072101915262843,510000000,115254.2372881356,300000000.0,0.6,0.53,8,6,1,250000000.0,20
45,Starlink,4425,150,2500000,3500000,4500000,543,32,11747466786,30,34,18,0.5262174027674446,510000000,115254.2372881356,300000000.0,0.6,0.53,8,6,1,250000000.0,20
46,Starlink,4425,150,2500000,3500000,4500000,544,39,12304711272,30,32,15,0.5022639795514451,510000000,115254.2372881356,300000000.0,0.6,0.53,8,6,1,250000000.0,20
47,Starlink,4425,150,2500000,3500000,4500000,542,33,12312331799,30,27,15,0.5447084024279272,510000000,115254.2372881356,300000000.0,0.6,0.53,8,6,1,250000000.0,20
48,Starlink,4425,150,2500000,3500000,4500000,549,26,12427061452,30,34,8,0.549322001269068,510000000,115254.2372881356,300000000.0,0.6,0.53,8,6,1,250000000.0,20
49,Starlink,4425,150,2500000,3500000,4500000,549,25,11378140481,30,31,6,0.5723888161432682,510000000,115254.2372881356,300000000.0,0.6,0.53,8,6,1,250000000.0,20
50,Starlink,4425,150,2500000,3500000,4500000,544,34,11845007846,30,29,11,0.5384448738163913,510000000,115254.2372881356,300000000.0,0.6,0.53,8,6,1,250000000.0,20
51,Starlink,4425,150,2500000,3500000,4500000,551,27,11582765712,30,29,16,0.5476902889167006,510000000,115254.2372881356,300000000.0,0.6,0.53,8,6,1,250000000.0,20
52,Starlink,4425,150,2500000,3500000,4500000,544,39,12077285719,30,34,11,0.5884983763057103,510000000,115254.2372881356,300000000.0,0.6,0.53,8,6,1,250000000.0,20
53,Starlink,4425,150,2500000,3500000,4500000,545,34,11670570718,30,28,12,0.5750472318311265,510000000,115254.2372881356,300000000.0,0.6,0.53,8,6,1,250000000.0,20
54,Starlink,4425,150,2500000,3500000,4500000,543,27,12550494466,30,28,3,0.6184133152183372,510000000,115254.2372881356,300000000.0,0.6,0.53,8,6,1,250000000.0,20
55,Starlink,4425,150,2500000,3500000,4500000,546,39,11632533072,30,30,2,0.6183858077187097,510000000,115254.2372881356,300000000.0,0.6,0.53,8,6,1,250000000.0,20
56,Starlink,4425,150,2500000,3500000,4500000,541,36,10716630511,30,32,8,0.5587662704828276,510000000,115254.2372881356,300000000.0,0.6,0.53,8,6,1,250000000.0,20
57,Starlink,4425,150,2500000,3500000,4500000,541,31,11707842248,30,30,18,0.564880656955963,510000000,115254.2372881356,300000000.0,0.6,0.53,8,6,1,250000000.0,20
58,Starlink,4425,150,2500000,3500000,4500000,545,28,11007577581,30,28,5,0.6065718998847051,510000000,115254.2372881356,300000000.0,0.6,0.53,8,6,1,250000000.0,20
59,Starlink,4425,150,2500000,3500000,4500000,549,36,12064515149,30,34,5,0.5939319251483625,510000000,115254.2372881356,300000000.0,0.6,0.53,8,6,1,250000000.0,20
60,Starlink,4425,150,2500000,3500000,4500000,550,32,11109790449,30,32,18,0.6007398374626837,510000000,115254.2372881356,300000000.0,0.6,0.53,8,6,1,250000000.0,20
61,Starlink,4425,150,2500000,3500000,4500000,540,30,12652681758,30,35,6,0.5682480614444304,510000000,115254.2372881356,300000000.0,0.6,0.53,8,6,1,250000000.0,20
62,Starlink,4425,150,2500000,3500000,4500000,551,35,11404426761,30,35,16,0.5760277952196481,510000000,115254.2372881356,300000000.0,0.6,0.53,8,6,1,250000000.0,20
63,Starlink,4425,150,2500000,3500000,4500000,539,25,12331293414,30,34,11,0.6299486915018496,510000000,115254.2372881356,300000000.0,0.6,0.53,8,6,1,250000000.0,20
64,Starlink,4425,150,2500000,3500000,4500000,546,31,11122031392,30,27,6,0.5128195029728967,510000000,115254.2372881356,300000000.0,0.6,0.53,8,6,1,250000000.0,20
65,Starlink,4425,150,2500000,3500000,4500000,547,25,11834761197,30,33,12,0.5442663908419797,510000000,115254.2372881356,300000000.0,0.6,0.53,8,6,1,250000000.0,20
66,Starlink,4425,150,2500000,3500000,4500000,542,27,11632080774,30,30,18,0.5439703783712637,510000000,115254.2372881356,300000000.0,0.6,0.53,8,6,1,250000000.0,20
67,Starlink,4425,150,2500000,3500000,4500000,540,26,10813358035,30,28,6,0.5843193896730376,510000000,115254.2372881356,300000000.0,0.6,0.53,8,6,1,250000000.0,20
68,Starlink,4425,150,2500000,3500000,4500000,539,39,10866013476,30,35,18,0.5302439287953657,510000000,115254.2372881356,300000000.0,0.6,0.53,8,6,1,250000000.0,20
69,Starlink,4425,150,2500000,3500000,4500000,543,39,11585445913,30,28,16,0.5639484484762337,510000000,115254.2372881356,300000000.0,0.6,0.53,8,6,1,250000000.0,20
70,Starlink,4425,150,2500000,3500000,4500000,540,30,10909719562,30,35,11,0.5621409981841503,510000000,115254.2372881356,300000000.0,0.6,0.53,8,6,1,250000000.0,20
71,Starlink,4425,150,2500000,3500000,4500000,542,32,11548645978,30,32,5,0.5939512398091212,510000000,115254.2372881356,300000000.0,0.6,0.53,8,6,1,250000000.0,20
72,Starlink,4425,150,2500000,3500000,4500000,547,25,11088373750,30,34,4,0.5355654349964569,510000000,115254.2372881356,300000000.0,0.6,0.53,8,6,1,250000000.0,20
73,Starlink,4425,150,2500000,3500000,4500000,543,30,11084524526,30,30,6,0.5856163042043403,510000000,115254.2372881356,300000000.0,0.6,0.53,8,6,1,250000000.0,20
74,Starlink,4425,150,2500000,3500000,4500000,551,28,11447001194,30,33,8,0.5482151334322056,510000000,115254.2372881356,300000000.0,0.6,0.53,8,6,1,250000000.0,20
75,Starlink,4425,150,2500000,3500000,4500000,549,39,12614675245,30,31,5,0.6130539278717155,510000000,115254.2372881356,300000000.0,0.6,0.53,8,6,1,250000000.0,20
76,Starlink,4425,150,2500000,3500000,4500000,543,39,10941873945,30,28,14,0.5268841215580816,510000000,115254.2372881356,300000000.0,0.6,0.53,8,6,1,250000000.0,20
77,Starlink,4425,150,2500000,3500000,4500000,548,32,11081056206,30,35,16,0.6290968313256435,510000000,115254.2372881356,300000000.0,0.6,0.53,8,6,1,250000000.0,20
78,Starlink,4425,150,2500000,3500000,4500000,547,27,11765953870,30,35,11,0.6216053356182396,510000000,115254.2372881356,300000000.0,0.6,0.53,8,6,1,250000000.0,20
79,Starlink,4425,150,2500000,3500000,4500000,547,36,11570748482,30,31,5,0.5261625122020233,510000000,115254.2372881356,300000000.0,0.6,0.53,8,6,1,250000000.0,20
80,Starlink,4425,150,2500000,3500000,4500000,542,30,12393975077,30,28,3,0.6389429789605963,510000000,115254.2372881356,300000000.0,0.6,0.53,8,6,1,250000000.0,20
81,Starlink,4425,150,2500000,3500000,4500000,544,26,10992912412,30,28,14,0.5739929389437701,510000000,115254.2372881356,300000000.0,0.6,0.53,8,6,1,250000000.0,20
82,Starlink,4425,150,2500000,3500000,4500000,551,28,10848192308,30,35,7,0.6026983702181129,510000000,115254.2372881356,300000000.0,0.6,0.53,8,6,1,250000000.0,20
83,Starlink,4425,150,2500000,3500000,4500000,544,34,11238353490,30,28,18,0.5490034344958298,510000000,115254.2372881356,300000000.0,0.6,0.53,8,6,1,250000000.0,20
84,Starlink,4425,150,2500000,3500000,4500000,545,29,11388327060,30,27,3,0.6042530747853903,510000000,115254.2372881356,300000000.0,0.6,0.53,8,6,1,250000000.0,20
85,Starlink,4425,150,2500000,3500000,4500000,551,40,11034476872,30,28,6,0.5146164746739843,510000000,115254.2372881356,300000000.0,0.6,0.53,8,6,1,250000000.0,20
86,Starlink,4425,150,2500000,3500000,4500000,548,28,11187535418,30,29,13,0.6426565183520554,510000000,115254.2372881356,300000000.0,0.6,0.53,8,6,1,250000000.0,20
87,Starlink,4425,150,2500000,3500000,4500000,544,29,12062179235,30,34,11,0.6074885806817972,510000000,115254.2372881356,300000000.0,0.6,0.53,8,6,1,250000000.0,20
88,Starlink,4425,150,2500000,3500000,4500000,551,33,12404237393,30,27,10,0.5885045704016991,510000000,115254.2372881356,300000000.0,0.6,0.53,8,6,1,250000000.0,20
89,Starlink,4425,150,2500000,3500000,4500000,550,39,12151756204,30,34,7,0.5442203125278441,510000000,115254.2372881356,300000000.0,0.6,0.53,8,6,1,250000000.0,20
90,Starlink,4425,150,2500000,3500000,4500000,546,26,12678671668,30,28,12,0.6333291814413755,510000000,115254.2372881356,300000000.0,0.6,0.53,8,6,1,250000000.0,20
91,Starlink,4425,150,2500000,3500000,4500000,550,37,11197196890,30,33,12,0.6278443823459993,510000000,115254.2372881356,300000000.0,0.6,0.53,8,6,1,250000000.0,20
92,Starlink,4425,150,2500000,3500000,4500000,544,29,11409472318,30,35,18,0.5427811528526766,510000000,115254.2372881356,300000000.0,0.6,0.53,8,6,1,250000000.0,20
93,Starlink,4425,150,2500000,3500000,4500000,543,37,12057339030,30,32,8,0.5451313856159793,510000000,115254.2372881356,300000000.0,0.6,0.53,8,6,1,250000000.0,20
94,Starlink,4425,150,2500000,3500000,4500000,545,34,11794726378,30,28,12,0.6074261347838584,510000000,115254.2372881356,300000000.0,0.6,0.53,8,6,1,250000000.0,20
95,Starlink,4425,150,2500000,3500000,4500000,542,29,11292741193,30,33,4,0.6025910513646802,510000000,115254.2372881356,300000000.0,0.6,0.53,8,6,1,250000000.0,20
96,Starlink,4425,150,2500000,3500000,4500000,539,30,11279482058,30,27,10,0.6130920804447537,510000000,115254.2372881356,300000000.0,0.6,0.53,8,6,1,250000000.0,20
97,Starlink,4425,150,2500000,3500000,4500000,543,27,12005586216,30,33,9,0.5723767543129372,510000000,115254.2372881356,300000000.0,0.6,0.53,8,6,1,250000000.0,20
98,Starlink,4425,150,2500000,3500000,4500000,549,35,11715542117,30,34,10,0.6067509120730182,510000000,115254.2372881356,300000000.0,0.6,0.53,8,6,1,250000000.0,20
99,Starlink,4425,150,2500000,3500000,4500000,549,40,11125691570,30,33,2,0.5337407864705258,510000000,115254.2372881356,300000000.0,0.6,0.53,8,6,1,250000000.0,20
0,OneWeb,720,44,500000,800000,1000000,1197,58,12664912379,29,32,3,0.6219916577231515,510000000,708333.3333333334,300000000.0,0.6,0.53,16,3,1,125000000.0,20
1,OneWeb,720,44,500000,800000,1000000,1196,57,12002208601,32,32,14,0.5791720913627812,510000000,708333.3333333334,300000000.0,0.6,0.53,16,3,1,125000000.0,20
2,OneWeb,720,44,500000,800000,1000000,1190,56,11162524484,31,32,17,0.6138158624259101,510000000,708333.3333333334,300000000.0,0.6,0.53,16,3,1,125000000.0,20
3,OneWeb,720,44,500000,800000,1000000,1190,56,12058484150,30,35,18,0.5057176083949202,510000000,708333.3333333334,300000000.0,0.6,0.53,16,3,1,125000000.0,20
4,OneWeb,720,44,500000,800000,1000000,1199,53,12088698475,30,38,14,0.6420317259110268,510000000,708333.3333333334,300000000.0,0.6,0.53,16,3,1,125000000.0,20
5,OneWeb,720,44,500000,800000,1000000,1197,53,11338875862,31,34,2,0.5689071354702518,510000000,708333.3333333334,300000000.0,0.6,0.53,16,3,1,125000000.0,20
6,OneWeb,720,44,500000,800000,1000000,1201,49,11777401829,31,33,14,0.6193625913402123,510000000,708333.3333333334,300000000.0,0.6,0.53,16,3,1,125000000.0,20
7,OneWeb,720,44,500000,800000,1000000,1193,46,10917465711,32,38,8,0.623268612619486,510000000,708333.3333333334,300000000.0,0.6,0.53,16,3,1,125000000.0,20
8,OneWeb,720,44,500000,800000,1000000,1193,46,11673097580,31,36,5,0.6418048775972677,510000000,708333.3333333334,300000000.0,0.6,0.53,16,3,1,125000000.0,20
9,OneWeb,720,44,500000,800000,1000000,1200,55,11880717653,31,35,7,0.5837883754560196,510000000,708333.3333333334,300000000.0,0.6,0.53,16,3,1,125000000.0,20
10,OneWeb,720,44,500000,800000,1000000,1197,52,12566207287,28,32,13,0.5506771281636492,510000000,708333.3333333334,300000000.0,0.6,0.53,16,3,1,125000000.0,20
11,OneWeb,720,44,500000,800000,1000000,1196,49,12019735638,32,34,4,0.5900253607929576,510000000,708333.3333333334,300000000.0,0.6,0.53,16,3,1,125000000.0,20
12,OneWeb,720,44,500000,800000,1000000,1190,46,12448313216,30,37,15,0.5730521224232145,510000000,708333.3333333334,300000000.0,0.6,0.53,16,3,1,125000000.0,20
13,OneWeb,720,44,500000,800000,1000000,1194,59,12188019961,32,34,1,0.5692762178057368,510000000,708333.3333333334,300000000.0,0.6,0.53,16,3,1,125000000.0,20
14,OneWeb,720,44,500000,800000,1000000,1191,52,11058615500,30,36,17,0.6190454289426877,510000000,708333.3333333334,300000000.0,0.6,0.53,16,3,1,125000000.0,20
15,OneWeb,720,44,500000,800000,1000000,1201,45,12623000514,30,32,10,0.5348471015166624,510000000,708333.3333333334,300000000.0,0.6,0.53,16,3,1,125000000.0,20
16,OneWeb,720,44,500000,800000,1000000,1195,53,11008584343,31,34,17,0.5548232694102863,510000000,708333.3333333334,300000000.0,0.6,0.53,16,3,1,125000000.0,20
17,OneWeb,720,44,500000,800000,1000000,1196,60,10944183992,29,33,18,0.5443038783408629,510000000,708333.3333333334,300000000.0,0.6,0.53,16,3,1,125000000.0,20
18,OneWeb,720,44,500000,800000,1000000,1199,55,11062724120,32,36,16,0.6479465901598586,510000000,708333.3333333334,300000000.0,0.6,0.53,16,3,1,125000000.0,20
19,OneWeb,720,44,500000,800000,1000000,1201,59,10845862150,29,34,2,0.639927995418389,510000000,708333.3333333334,300000000.0,0.6,0.53,16,3,1,125000000.0,20
20,OneWeb,720,44,500000,800000,1000000,1197,49,12089264778,32,36,4,0.5721952955270968,510000000,708333.3333333334,300000000.0,0.6,0.53,16,3,1,125000000.0,20
21,OneWeb,720,44,500000,800000,1000000,1191,57,11832390065,31,33,8,0.5410038291946937,510000000,708333.3333333334,300000000.0,0.6,0.53,16,3,1,125000000.0,20
22,OneWeb,720,44,500000,800000,1000000,1189,50,11063516730,29,36,9,0.5705697518474107,510000000,708333.3333333334,300000000.0,0.6,0.53,16,3,1,125000000.0,20
23,OneWeb,720,44,500000,800000,1000000,1195,57,11793364930,31,37,8,0.5502530699554464,510000000,708333.3333333334,300000000.0,0.6,0.53,16,3,1,125000000.0,20
24,OneWeb,720,44,500000,800000,1000000,1196,50,12296399097,31,33,2,0.5889956776072708,510000000,708333.3333333334,300000000.0,0.6,0.53,16,3,1,125000000.0,20
25,OneWeb,720,44,500000,800000,1000000,1189,49,11616242687,29,37,6,0.612592970613014,510000000,708333.3333333334,300000000.0,0.6,0.53,16,3,1,125000000.0,20
26,OneWeb,720,44,500000,800000,1000000,1197,51,12521443477,32,38,18,0.635210889988179,510000000,708333.3333333334,300000000.0,0.6,0.53,16,3,1,125000000.0,20
27,OneWeb,720,44,500000,800000,1000000,1191,46,11296627122,32,34,5,0.5872005010025535,510000000,708333.3333333334,300000000.0,0.6,0.53,16,3,1,125000000.0,20
28,OneWeb,720,44,500000,800000,1000000,1189,55,12564533627,28,35,15,0.5289972954111489,510000000,708333.3333333334,300000000.0,0.6,0.53,16,3,1,125000000.0,20
29,OneWeb,720,44,500000,800000,1000000,1200,50,10840339977,30,34,4,0.54340661318823,510000000,708333.3333333334,300000000.0,0.6,0.53,16,3,1,125000000.0,20
30,OneWeb,720,44,500000,800000,1000000,1190,49,11090177575,31,32,9,0.6396759358457792,510000000,708333.3333333334,300000000.0,0.6,0.53,16,3,1,125000000.0,20
31,OneWeb,720,44,500000,800000,1000000,1200,45,11107125844,30,34,2,0.6329814111101149,510000000,708333.3333333334,300000000.0,0.6,0.53,16,3,1,125000000.0,20
32,OneWeb,720,44,500000,800000,1000000,1193,45,12432856548,31,37,7,0.5542330431236032,510000000,708333.3333333334,300000000.0,0.6,0.53,16,3,1,125000000.0,20
33,OneWeb,720,44,500000,800000,1000000,1197,56,11090948663,32,38,9,0.5917034605340068,510000000,708333.3333333334,300000000.0,0.6,0.53,16,3,1,125000000.0,20
34,OneWeb,720,44,500000,800000,1000000,1201,58,11010029503,28,34,15,0.6120158611653014,510000000,708333.3333333334,300000000.0,0.6,0.53,16,3,1,125000000.0,20
35,OneWeb,720,44,500000,800000,1000000,1190,60,11228627062,31,32,7,0.5331997626470895,510000000,708333.3333333334,300000000.0,0.6,0.53,16,3,1,125000000.0,20
36,OneWeb,720,44,500000,800000,1000000,1195,49,12108236368,28,32,16,0.5442687765517108,510000000,708333.3333333334,300000000.0,0.6,0.53,16,3,1,125000000.0,20
37,OneWeb,720,44,500000,800000,1000000,1195,60,11909977547,31,32,12,0.5354112915980327,510000000,708333.3333333334,300000000.0,0.6,0.53,16,3,1,125000000.0,20
38,OneWeb,720,44,500000,800000,1000000,1198,57,11414354061,31,33,18,0.5126164725770724,510000000,708333.3333333334,300000000.0,0.6,0.53,16,3,1,125000000.0,20
39,OneWeb,720,44,500000,800000,1000000,1196,60,10904819988,31,32,12,0.6370757360157869,510000000,708333.3333333334,300000000.0,0.6,0.53,16,3,1,125000000.0,20
40,OneWeb,720,44,500000,800000,1000000,1201,58,12698392100,30,32,16,0.6378581758099564,510000000,708333.3333333334,300000000.0,0.6,0.53,16,3,1,125000000.0,20
41,OneWeb,720,44,500000,800000,1000000,1198,47,11737097135,31,35,11,0.5894126883509956,510000000,708333.3333333334,300000000.0,0.6,0.53,16,3,1,125000000.0,20
42,OneWeb,720,44,500000,800000,1000000,1192,57,12557768002,31,34,10,0.6321859854734861,510000000,708333.3333333334,300000000.0,0.6,0.53,16,3,1,125000000.0,20
43,OneWeb,720,44,500000,800000,1000000,1195,49,11948173808,29,36,15,0.6273327509400892,510000000,708333.3333333334,300000000.0,0.6,0.53,16,3,1,125000000.0,20
44,OneWeb,720,44,500000,800000,1000000,1196,55,11385031138,32,32,17,0.5187483576858066,510000000,708333.3333333334,300000000.0,0.6,0.53,16,3,1,125000000.0,20
45,OneWeb,720,44,500000,800000,1000000,1200,54,12356617744,28,33,4,0.5215958691204652,510000000,708333.3333333334,300000000.0,0.6,0.53,16,3,1,125000000.0,20
46,OneWeb,720,44,500000,800000,1000000,1195,60,11060572108,29,34,18,0.5516375204420237,510000000,708333.3333333334,300000000.0,0.6,0.53,16,3,1,125000000.0,20
47,OneWeb,720,44,500000,800000,1000000,1196,56,10718753765,31,35,16,0.61681919729123,510000000,708333.3333333334,300000000.0,0.6,0.53,16,3,1,125000000.0,20
48,OneWeb,720,44,500000,800000,1000000,1193,56,11015285817,28,32,4,0.5690861865888154,510000000,708333.3333333334,300000000.0,0.6,0.53,16,3,1,125000000.0,20
49,OneWeb,720,44,500000,800000,1000000,1190,59,12400346860,30,35,5,0.5780053662244762,510000000,708333.3333333334,300000000.0,0.6,0.53,16,3,1,125000000.0,20
50,OneWeb,720,44,500000,800000,1000000,1201,52,12581904455,30,36,6,0.6398695565109994,510000000,708333.3333333334,300000000.0,0.6,0.53,16,3,1,125000000.0,20
51,OneWeb,720,44,500000,800000,1000000,1198,45,11020609532,32,37,4,0.5056709920858959,510000000,708333.3333333334,300000000.0,0.6,0.53,16,3,1,125000000.0,20
52,OneWeb,720,44,500000,800000,1000000,1194,52,10988431083,31,36,9,0.5042806726214469,510000000,708333.3333333334,300000000.0,0.6,0.53,16,3,1,125000000.0,20
53,OneWeb,720,44,500000,800000,1000000,1197,57,11380392324,31,32,16,0.5608020373442528,510000000,708333.3333333334,300000000.0,0.6,0.53,16,3,1,125000000.0,20
54,OneWeb,720,44,500000,800000,1000000,1196,52,10881219764,30,38,4,0.6463170092731081,510000000,708333.3333333334,300000000.0,0.6,0.53,16,3,1,125000000.0,20
55,OneWeb,720,44,500000,800000,1000000,1195,50,12664542145,30,34,10,0.5342926517260806,510000000,708333.3333333334,300000000.0,0.6,0.53,16,3,1,125000000.0,20
56,OneWeb,720,44,500000,800000,1000000,1200,54,11877739654,28,36,7,0.5859089237518071,510000000,708333.3333333334,300000000.0,0.6,0.53,16,3,1,125000000.0,20
57,OneWeb,720,44,500000,800000,1000000,1198,46,10934996335,30,35,4,0.5767810352327112,510000000,708333.3333333334,300000000.0,0.6,0.53,16,3,1,125000000.0,20
58,OneWeb,720,44,500000,800000,1000000,1196,52,11338266687,32,33,14,0.6051744442234207,510000000,708333.3333333334,300000000.0,0.6,0.53,16,3,1,125000000.0,20
59,OneWeb,720,44,500000,800000,1000000,1198,50,12474846361,31,37,17,0.6307872631666891,510000000,708333.3333333334,300000000.0,0.6,0.53,16,3,1,125000000.0,20
60,OneWeb,720,44,500000,800000,1000000,1200,54,12573747390,28,34,18,0.5864306387662641,510000000,708333.3333333334,300000000.0,0.6,0.53,16,3,1,125000000.0,20
61,OneWeb,720,44,500000,800000,1000000,1196,45,11203021854,31,34,18,0.5319206141706219,510000000,708333.3333333334,300000000.0,0.6,0.53,16,3,1,125000000.0,20
62,OneWeb,720,44,500000,800000,1000000,1196,57,11569247153,31,32,3,0.6481195856036155,510000000,708333.3333333334,300000000.0,0.6,0.53,16,3,1,125000000.0,20
63,OneWeb,720,44,500000,800000,1000000,1195,45,11996354476,28,38,7,0.6172375051715546,510000000,708333.3333333334,300000000.0,0.6,0.53,16,3,1,125000000.0,20
64,OneWeb,720,44,500000,800000,1000000,1200,55,10954992632,31,33,17,0.5863282492057765,510000000,708333.3333333334,300000000.0,0.6,0.53,16,3,1,125000000.0,20
65,OneWeb,720,44,500000,800000,1000000,1194,48,12383360144,32,35,17,0.6428906937508807,510000000,708333.3333333334,300000000.0,0.6,0.53,16,3,1,125000000.0,20
66,OneWeb,720,44,500000,800000,1000000,1190,52,10797221413,31,35,1,0.5569471835164528,510000000,708333.3333333334,300000000.0,0.6,0.53,16,3,1,125000000.0,20
67,OneWeb,720,44,500000,800000,1000000,1199,57,10884821775,31,38,3,0.5848153791856211,510000000,708333.3333333334,300000000.0,0.6,0.53,16,3,1,125000000.0,20
68,OneWeb,720,44,500000,800000,1000000,1189,49,11701604133,31,37,5,0.6448702338738811,510000000,708333.3333333334,300000000.0,0.6,0.53,16,3,1,125000000.0,20
69,OneWeb,720,44,500000,800000,1000000,1201,47,10746484619,30,38,1,0.60063882497854,510000000,708333.3333333334,300000000.0,0.6,0.53,16,3,1,125000000.0,20
70,OneWeb,720,44,500000,800000,1000000,1190,51,12599268650,31,36,12,0.5689142123724235,510000000,708333.3333333334,300000000.0,0.6,0.53,16,3,1,125000000.0,20
71,OneWeb,720,44,500000,800000,1000000,1196,45,10835212721,29,38,11,0.5792734701254434,510000000,708333.3333333334,300000000.0,0.6,0.53,16,3,1,125000000.0,20
72,OneWeb,720,44,500000,800000,1000000,1197,45,12538255284,32,34,5,0.5542834322250652,510000000,708333.3333333334,300000000.0,0.6,0.53,16,3,1,125000000.0,20
73,OneWeb,720,44,500000,800000,1000000,1201,55,12203670650,29,34,9,0.6151759171747541,510000000,708333.3333333334,300000000.0,0.6,0.53,16,3,1,125000000.0,20
74,OneWeb,720,44,500000,800000,1000000,1195,48,11857147647,30,38,17,0.5885994963938962,510000000,708333.3333333334,300000000.0,0.6,0.53,16,3,1,125000000.0,20
75,OneWeb,720,44,500000,800000,1000000,1190,60,12613493878,30,33,9,0.5730996578909424,510000000,708333.3333333334,300000000.0,0.6,0.53,16,3,1,125000000.0,20
76,OneWeb,720,44,500000,800000,1000000,1194,60,10738069450,31,35,11,0.5061940299454827,510000000,708333.3333333334,300000000.0,0.6,0.53,16,3,1,125000000.0,20
77,OneWeb,720,44,500000,800000,1000000,1200,47,12598228451,32,35,18,0.6290127584288321,510000000,708333.3333333334,300000000.0,0.6,0.53,16,3,1,125000000.0,20
78,OneWeb,720,44,500000,800000,1000000,1195,53,11629012387,32,34,16,0.6441202376159253,510000000,708333.3333333334,300000000.0,0.6,0.53,16,3,1,125000000.0,20
79,OneWeb,720,44,500000,800000,1000000,1194,48,11881461325,29,34,12,0.5460146778953753,510000000,708333.3333333334,300000000.0,0.6,0.53,16,3,1,125000000.0,20
80,OneWeb,720,44,500000,800000,1000000,1194,59,12154850738,28,35,7,0.5881022068703007,510000000,708333.3333333334,300000000.0,0.6,0.53,16,3,1,125000000.0,20
81,OneWeb,720,44,500000,800000,1000000,1201,55,11926567975,31,36,5,0.602525664655283,510000000,708333.3333333334,300000000.0,0.6,0.53,16,3,1,125000000.0,20
82,OneWeb,720,44,500000,800000,1000000,1190,60,12119035156,30,33,11,0.5356720716037578,510000000,708333.3333333334,300000000.0,0.6,0.53,16,3,1,125000000.0,20
83,OneWeb,720,44,500000,800000,1000000,1201,49,11209361679,31,37,18,0.5254526196547085,510000000,708333.3333333334,300000000.0,0.6,0.53,16,3,1,125000000.0,20
84,OneWeb,720,44,500000,800000,1000000,1189,46,11438795199,29,38,6,0.6241867415836139,510000000,708333.3333333334,300000000.0,0.6,0.53,16,3,1,125000000.0,20
85,OneWeb,720,44,500000,800000,1000000,1199,48,10870612620,31,36,7,0.5745206445001855,510000000,708333.3333333334,300000000.0,0.6,0.53,16,3,1,125000000.0,20
86,OneWeb,720,44,500000,800000,1000000,1190,58,10967978074,32,35,9,0.5470877517368972,510000000,708333.3333333334,300000000.0,0.6,0.53,16,3,1,125000000.0,20
87,OneWeb,720,44,500000,800000,1000000,1199,50,12462085755,32,33,7,0.5982079750126291,510000000,708333.3333333334,300000000.0,0.6,0.53,16,3,1,125000000.0,20
88,OneWeb,720,44,500000,800000,1000000,1201,51,11081650142,32,36,15,0.6398800492559993,510000000,708333.3333333334,300000000.0,0.6,0.53,16,3,1,125000000.0,20
89,OneWeb,720,44,500000,800000,1000000,1200,56,10822442851,32,37,3,0.6244839447518689,510000000,708333.3333333334,300000000.0,0.6,0.53,16,3,1,125000000.0,20
90,OneWeb,720,44,500000,800000,1000000,1201,53,11617184167,32,36,5,0.5827541503006125,510000000,708333.3333333334,300000000.0,0.6,0.53,16,3,1,125000000.0,20
91,OneWeb,720,44,500000,800000,1000000,1199,58,11754062669,31,35,9,0.5894134194724416,510000000,708333.3333333334,300000000.0,0.6,0.53,16,3,1,125000000.0,20
92,OneWeb,720,44,500000,800000,1000000,1201,48,10876647236,31,33,17,0.56846438959877,510000000,708333.3333333334,300000000.0,0.6,0.53,16,3,1,125000000.0,20
93,OneWeb,720,44,500000,800000,1000000,1199,59,11445788939,32,32,15,0.5173189741871029,510000000,708333.3333333334,300000000.0,0.6,0.53,16,3,1,125000000.0,20
94,OneWeb,720,44,500000,800000,1000000,1190,60,10726825538,28,32,5,0.6119787406836495,510000000,708333.3333333334,300000000.0,0.6,0.53,16,3,1,125000000.0,20
95,OneWeb,720,44,500000,800000,1000000,1193,57,12293847816,30,32,6,0.5172861215368603,510000000,708333.3333333334,300000000.0,0.6,0.53,16,3,1,125000000.0,20
96,OneWeb,720,44,500000,800000,1000000,1193,45,11104232660,29,35,17,0.5426305523687533,510000000,708333.3333333334,300000000.0,0.6,0.53,16,3,1,125000000.0,20
97,OneWeb,720,44,500000,800000,1000000,1195,46,12567574422,29,33,16,0.583232221508363,510000000,708333.3333333334,300000000.0,0.6,0.53,16,3,1,125000000.0,20
98,OneWeb,720,44,500000,800000,1000000,1198,57,11299934601,28,33,8,0.5808158408640035,510000000,708333.3333333334,300000000.0,0.6,0.53,16,3,1,125000000.0,20
99,OneWeb,720,44,500000,800000,1000000,1198,57,11349809952,32,33,5,0.5194728673325103,510000000,708333.3333333334,300000000.0,0.6,0.53,16,3,1,125000000.0,20
0,Kuiper,3236,12,1500000,2500000,3500000,609,38,18626789874,30,35,15,0.9,510000000,157601.97775030902,300000000.0,0.6,0.53,8,6,1,250000000.0,20
1,Kuiper,3236,12,1500000,2500000,3500000,616,40,18399792880,30,34,18,0.9,510000000,157601.97775030902,300000000.0,0.6,0.53,8,6,1,250000000.0,20
2,Kuiper,3236,12,1500000,2500000,3500000,610,40,19687291590,30,31,10,0.9,510000000,157601.97775030902,300000000.0,0.6,0.53,8,6,1,250000000.0,20
3,Kuiper,3236,12,1500000,2500000,3500000,607,37,18047381573,30,35,1,0.9,510000000,157601.97775030902,300000000.0,0.6,0.53,8,6,1,250000000.0,20
4,Kuiper,3236,12,1500000,2500000,3500000,613,35,19010311910,30,31,1,0.9,510000000,157601.97775030902,300000000.0,0.6,0.53,8,6,1,250000000.0,20
5,Kuiper,3236,12,1500000,2500000,3500000,616,35,19298101493,30,32,14,0.9,510000000,157601.97775030902,300000000.0,0.6,0.53,8,6,1,250000000.0,20
6,Kuiper,3236,12,1500000,2500000,3500000,610,38,19278929831,30,32,13,0.9,510000000,157601.97775030902,300000000.0,0.6,0.53,8,6,1,250000000.0,20
7,Kuiper,3236,12,1500000,2500000,3500000,606,35,19110271506,30,31,7,0.9,510000000,157601.97775030902,300000000.0,0.6,0.53,8,6,1,250000000.0,20
8,Kuiper,3236,12,1500000,2500000,3500000,613,36,18323321217,30,35,11,0.9,510000000,157601.97775030902,300000000.0,0.6,0.53,8,6,1,250000000.0,20
9,Kuiper,3236,12,1500000,2500000,3500000,614,35,19208715336,30,33,2,0.9,510000000,157601.97775030902,300000000.0,0.6,0.53,8,6,1,250000000.0,20
10,Kuiper,3236,12,1500000,2500000,3500000,614,35,18043570601,30,29,11,0.9,510000000,157601.97775030902,300000000.0,0.6,0.53,8,6,1,250000000.0,20
11,Kuiper,3236,12,1500000,2500000,3500000,616,37,18768642140,30,31,1,0.9,510000000,157601.97775030902,300000000.0,0.6,0.53,8,6,1,250000000.0,20
12,Kuiper,3236,12,1500000,2500000,3500000,612,37,19015878694,30,34,7,0.9,510000000,157601.97775030902,300000000.0,0.6,0.53,8,6,1,250000000.0,20
13,Kuiper,3236,12,1500000,2500000,3500000,606,39,19197435151,30,32,15,0.9,510000000,157601.97775030902,300000000.0,0.6,0.53,8,6,1,250000000.0,20
14,Kuiper,3236,12,1500000,2500000,3500000,616,35,19040365713,30,29,13,0.9,510000000,157601.97775030902,300000000.0,0.6,0.53,8,6,1,250000000.0,20
15,Kuiper,3236,12,1500000,2500000,3500000,614,39,17887324893,30,34,6,0.9,510000000,157601.97775030902,300000000.0,0.6,0.53,8,6,1,250000000.0,20
16,Kuiper,3236,12,1500000,2500000,3500000,609,40,18937130740,30,29,15,0.9,510000000,157601.97775030902,300000000.0,0.6,0.53,8,6,1,250000000.0,20
17,Kuiper,3236,12,1500000,2500000,3500000,610,40,18672736721,30,31,10,0.9,510000000,157601.97775030902,300000000.0,0.6,0.53,8,6,1,250000000.0,20
18,Kuiper,3236,12,1500000,2500000,3500000,615,39,17839010738,30,30,11,0.9,510000000,157601.97775030902,300000000.0,0.6,0.53,8,6,1,250000000.0,20
19,Kuiper,3236,12,1500000,2500000,3500000,605,35,18079214011,30,33,15,0.9,510000000,157601.97775030902,300000000.0,0.6,0.53,8,6,1,250000000.0,20
20,Kuiper,3236,12,1500000,2500000,3500000,613,39,19524789693,30,29,17,0.9,510000000,157601.97775030902,300000000.0,0.6,0.53,8,6,1,250000000.0,20
21,Kuiper,3236,12,1500000,2500000,3500000,605,39,19440981423,30,32,14,0.9,510000000,157601.97775030902,300000000.0,0.6,0.53,8,6,1,250000000.0,20
22,Kuiper,3236,12,1500000,2500000,3500000,609,35,19347534321,30,28,1,0.9,510000000,157601.97775030902,300000000.0,0.6,0.53,8,6,1,250000000.0,20
23,Kuiper,3236,12,1500000,2500000,3500000,615,38,17836779274,30,35,10,0.9,510000000,157601.97775030902,300000000.0,0.6,0.53,8,6,1,250000000.0,20
24,Kuiper,3236,12,1500000,2500000,3500000,611,35,18396837271,30,34,7,0.9,510000000,157601.97775030902,300000000.0,0.6,0.53,8,6,1,250000000.0,20
25,Kuiper,3236,12,1500000,2500000,3500000,613,40,18714254572,30,34,17,0.9,510000000,157601.97775030902,300000000.0,0.6,0.53,8,6,1,250000000.0,20
26,Kuiper,3236,12,1500000,2500000,3500000,605,40,18146205735,30,28,16,0.9,510000000,157601.97775030902,300000000.0,0.6,0.53,8,6,1,250000000.0,20
27,Kuiper,3236,12,1500000,2500000,3500000,615,36,18035150633,30,34,5,0.9,510000000,157601.97775030902,300000000.0,0.6,0.53,8,6,1,250000000.0,20
28,Kuiper,3236,12,1500000,2500000,3500000,605,35,17831450154,30,29,12,0.9,510000000,157601.97775030902,300000000.0,0.6,0.53,8,6,1,250000000.0,20
29,Kuiper,3236,12,1500000,2500000,3500000,611,37,17738484216,30,34,7,0.9,510000000,157601.97775030902,300000000.0,0.6,0.53,8,6,1,250000000.0,20
30,Kuiper,3236,12,1500000,2500000,3500000,613,35,19095383178,30,35,4,0.9,510000000,157601.97775030902,300000000.0,0.6,0.53,8,6,1,250000000.0,20
31,Kuiper,3236,12,1500000,2500000,3500000,608,36,18969571676,30,31,15,0.9,510000000,157601.97775030902,300000000.0,0.6,0.53,8,6,1,250000000.0,20
32,Kuiper,3236,12,1500000,2500000,3500000,608,40,18742241539,30,32,17,0.9,510000000,157601.97775030902,300000000.0,0.6,0.53,8,6,1,250000000.0,20
33,Kuiper,3236,12,1500000,2500000,3500000,615,37,19108118369,30,33,11,0.9,510000000,157601.97775030902,300000000.0,0.6,0.53,8,6,1,250000000.0,20
34,Kuiper,3236,12,1500000,2500000,3500000,614,36,18417709347,30,35,4,0.9,510000000,157601.97775030902,300000000.0,0.6,0.53,8,6,1,250000000.0,20
35,Kuiper,3236,12,1500000,2500000,3500000,609,37,18938422768,30,35,13,0.9,510000000,157601.97775030902,300000000.0,0.6,0.53,8,6,1,250000000.0,20
36,Kuiper,3236,12,1500000,2500000,3500000,611,40,17736974907,30,29,7,0.9,510000000,157601.97775030902,300000000.0,0.6,0.53,8,6,1,250000000.0,20
37,Kuiper,3236,12,1500000,2500000,3500000,604,38,19192121993,30,35,1,0.9,510000000,157601.97775030902,300000000.0,0.6,0.53,8,6,1,250000000.0,20
38,Kuiper,3236,12,1500000,2500000,3500000,613,35,19345974456,30,33,6,0.9,510000000,157601.97775030902,300000000.0,0.6,0.53,8,6,1,250000000.0,20
39,Kuiper,3236,12,1500000,2500000,3500000,604,39,19110605672,30,30,13,0.9,510000000,157601.97775030902,300000000.0,0.6,0.53,8,6,1,250000000.0,20
40,Kuiper,3236,12,1500000,2500000,3500000,604,39,19153149163,30,35,8,0.9,510000000,157601.97775030902,300000000.0,0.6,0.53,8,6,1,250000000.0,20
41,Kuiper,3236,12,1500000,2500000,3500000,607,40,19016003470,30,28,3,0.9,510000000,157601.97775030902,300000000.0,0.6,0.53,8,6,1,250000000.0,20
42,Kuiper,3236,12,1500000,2500000,3500000,607,36,19281011323,30,33,9,0.9,510000000,157601.97775030902,300000000.0,0.6,0.53,8,6,1,250000000.0,20
43,Kuiper,3236,12,1500000,2500000,3500000,615,40,19217658652,30,28,5,0.9,510000000,157601.97775030902,300000000.0,0.6,0.53,8,6,1,250000000.0,20
44,Kuiper,3236,12,1500000,2500000,3500000,616,37,18547677727,30,28,5,0.9,510000000,157601.97775030902,300000000.0,0.6,0.53,8,6,1,250000000.0,20
45,Kuiper,3236,12,1500000,2500000,3500000,606,38,19544080508,30,28,17,0.9,510000000,157601.97775030902,300000000.0,0.6,0.53,8,6,1,250000000.0,20
46,Kuiper,3236,12,1500000,2500000,3500000,614,39,19644189576,30,34,14,0.9,510000000,157601.97775030902,300000000.0,0.6,0.53,8,6,1,250000000.0,20
47,Kuiper,3236,12,1500000,2500000,3500000,604,35,18634759037,30,34,13,0.9,510000000,157601.97775030902,300000000.0,0.6,0.53,8,6,1,250000000.0,20
48,Kuiper,3236,12,1500000,2500000,3500000,605,38,18959443077,30,28,16,0.9,510000000,157601.97775030902,300000000.0,0.6,0.53,8,6,1,250000000.0,20
49,Kuiper,3236,12,1500000,2500000,3500000,609,40,18515960898,30,32,13,0.9,510000000,157601.97775030902,300000000.0,0.6,0.53,8,6,1,250000000.0,20
50,Kuiper,3236,12,1500000,2500000,3500000,609,35,19215092597,30,28,18,0.9,510000000,157601.97775030902,300000000.0,0.6,0.53,8,6,1,250000000.0,20
51,Kuiper,3236,12,1500000,2500000,3500000,614,37,19071377424,30,28,2,0.9,510000000,157601.97775030902,300000000.0,0.6,0.53,8,6,1,250000000.0,20
52,Kuiper,3236,12,1500000,2500000,3500000,605,36,18488044183,30,29,5,0.9,510000000,157601.97775030902,300000000.0,0.6,0.53,8,6,1,250000000.0,20
53,Kuiper,3236,12,1500000,2500000,3500000,614,39,19345250397,30,31,15,0.9,510000000,157601.97775030902,300000000.0,0.6,0.53,8,6,1,250000000.0,20
54,Kuiper,3236,12,1500000,2500000,3500000,609,37,18239599285,30,34,6,0.9,510000000,157601.97775030902,300000000.0,0.6,0.53,8,6,1,250000000.0,20
55,Kuiper,3236,12,1500000,2500000,3500000,605,37,18871696580,30,35,10,0.9,510000000,157601.97775030902,300000000.0,0.6,0.53,8,6,1,250000000.0,20
56,Kuiper,3236,12,1500000,2500000,3500000,610,37,19388254751,30,30,15,0.9,510000000,157601.97775030902,300000000.0,0.6,0.53,8,6,1,250000000.0,20
57,Kuiper,3236,12,1500000,2500000,3500000,611,37,18273859385,30,29,1,0.9,510000000,157601.97775030902,300000000.0,0.6,0.53,8,6,1,250000000.0,20
58,Kuiper,3236,12,1500000,2500000,3500000,610,38,18292823846,30,31,9,0.9,510000000,157601.97775030902,300000000.0,0.6,0.53,8,6,1,250000000.0,20
59,Kuiper,3236,12,1500000,2500000,3500000,612,39,18177537511,30,34,15,0.9,510000000,157601.97775030902,300000000.0,0.6,0.53,8,6,1,250000000.0,20
60,Kuiper,3236,12,1500000,2500000,3500000,609,39,19548044018,30,33,10,0.9,510000000,157601.97775030902,300000000.0,0.6,0.53,8,6,1,250000000.0,20
61,Kuiper,3236,12,1500000,2500000,3500000,613,36,18343545895,30,32,4,0.9,510000000,157601.97775030902,300000000.0,0.6,0.53,8,6,1,250000000.0,20
62,Kuiper,3236,12,1500000,2500000,3500000,605,40,18943739568,30,28,12,0.9,510000000,157601.97775030902,300000000.0,0.6,0.53,8,6,1,250000000.0,20
63,Kuiper,3236,12,1500000,2500000,3500000,616,40,17946145779,30,29,16,0.9,510000000,157601.97775030902,300000000.0,0.6,0.53,8,6,1,250000000.0,20
64,Kuiper,3236,12,1500000,2500000,3500000,609,35,17992694577,30,30,15,0.9,510000000,157601.97775030902,300000000.0,0.6,0.53,8,6,1,250000000.0,20
65,Kuiper,3236,12,1500000,2500000,3500000,610,37,17754757966,30,34,5,0.9,510000000,157601.97775030902,300000000.0,0.6,0.53,8,6,1,250000000.0,20
66,Kuiper,3236,12,1500000,2500000,3500000,616,40,18528321447,30,34,5,0.9,510000000,157601.97775030902,300000000.0,0.6,0.53,8,6,1,250000000.0,20
67,Kuiper,3236,12,1500000,2500000,3500000,613,35,19647276602,30,34,2,0.9,510000000,157601.97775030902,300000000.0,0.6,0.53,8,6,1,250000000.0,20
68,Kuiper,3236,12,1500000,2500000,3500000,608,38,18040210662,30,33,9,0.9,510000000,157601.97775030902,300000000.0,0.6,0.53,8,6,1,250000000.0,20
69,Kuiper,3236,12,1500000,2500000,3500000,607,40,18920284340,30,35,16,0.9,510000000,157601.97775030902,300000000.0,0.6,0.53,8,6,1,250000000.0,20
70,Kuiper,3236,12,1500000,2500000,3500000,606,37,19486722868,30,29,4,0.9,510000000,157601.97775030902,300000000.0,0.6,0.53,8,6,1,250000000.0,20
71,Kuiper,3236,12,1500000,2500000,3500000,606,36,18930918703,30,30,2,0.9,510000000,157601.97775030902,300000000.0,0.6,0.53,8,6,1,250000000.0,20
72,Kuiper,3236,12,1500000,2500000,3500000,608,36,18774560637,30,31,4,0.9,510000000,157601.97775030902,300000000.0,0.6,0.53,8,6,1,250000000.0,20
73,Kuiper,3236,12,1500000,2500000,3500000,605,36,18915310951,30,32,17,0.9,510000000,157601.97775030902,300000000.0,0.6,0.53,8,6,1,250000000.0,20
74,Kuiper,3236,12,1500000,2500000,3500000,609,36,18183448418,30,30,14,0.9,510000000,157601.97775030902,300000000.0,0.6,0.53,8,6,1,250000000.0,20
75,Kuiper,3236,12,1500000,2500000,3500000,612,36,19034823741,30,30,5,0.9,510000000,157601.97775030902,300000000.0,0.6,0.53,8,6,1,250000000.0,20
76,Kuiper,3236,12,1500000,2500000,3500000,611,35,19646796096,30,29,17,0.9,510000000,157601.97775030902,300000000.0,0.6,0.53,8,6,1,250000000.0,20
77,Kuiper,3236,12,1500000,2500000,3500000,607,37,18395540727,30,30,18,0.9,510000000,157601.97775030902,300000000.0,0.6,0.53,8,6,1,250000000.0,20
78,Kuiper,3236,12,1500000,2500000,3500000,609,39,19576512857,30,35,14,0.9,510000000,157601.97775030902,300000000.0,0.6,0.53,8,6,1,250000000.0,20
79,Kuiper,3236,12,1500000,2500000,3500000,611,35,18520898758,30,35,3,0.9,510000000,157601.97775030902,300000000.0,0.6,0.53,8,6,1,250000000.0,20
80,Kuiper,3236,12,1500000,2500000,3500000,604,40,19240578027,30,35,5,0.9,510000000,157601.97775030902,300000000.0,0.6,0.53,8,6,1,250000000.0,20
81,Kuiper,3236,12,1500000,2500000,3500000,607,38,17777537873,30,28,5,0.9,510000000,157601.97775030902,300000000.0,0.6,0.53,8,6,1,250000000.0,20
82,Kuiper,3236,12,1500000,2500000,3500000,612,37,19494190417,30,31,11,0.9,510000000,157601.97775030902,300000000.0,0.6,0.53,8,6,1,250000000.0,20
83,Kuiper,3236,12,1500000,2500000,3500000,609,35,18130881073,30,32,16,0.9,510000000,157601.97775030902,300000000.0,0.6,0.53,8,6,1,250000000.0,20
84,Kuiper,3236,12,1500000,2500000,3500000,609,40,17882498102,30,33,2,0.9,510000000,157601.97775030902,300000000.0,0.6,0.53,8,6,1,250000000.0,20
85,Kuiper,3236,12,1500000,2500000,3500000,604,35,19221778162,30,34,3,0.9,510000000,157601.97775030902,300000000.0,0.6,0.53,8,6,1,250000000.0,20
86,Kuiper,3236,12,1500000,2500000,3500000,606,35,18189078426,30,33,16,0.9,510000000,157601.97775030902,300000000.0,0.6,0.53,8,6,1,250000000.0,20
87,Kuiper,3236,12,1500000,2500000,3500000,616,35,18525779606,30,35,6,0.9,510000000,157601.97775030902,300000000.0,0.6,0.53,8,6,1,250000000.0,20
88,Kuiper,3236,12,1500000,2500000,3500000,615,35,17859173076,30,33,13,0.9,510000000,157601.97775030902,300000000.0,0.6,0.53,8,6,1,250000000.0,20
89,Kuiper,3236,12,1500000,2500000,3500000,610,35,18061975633,30,28,11,0.9,510000000,157601.97775030902,300000000.0,0.6,0.53,8,6,1,250000000.0,20
90,Kuiper,3236,12,1500000,2500000,3500000,604,36,19249625841,30,35,6,0.9,510000000,157601.97775030902,300000000.0,0.6,0.53,8,6,1,250000000.0,20
91,Kuiper,3236,12,1500000,2500000,3500000,612,40,17966871885,30,28,5,0.9,510000000,157601.97775030902,300000000.0,0.6,0.53,8,6,1,250000000.0,20
92,Kuiper,3236,12,1500000,2500000,3500000,606,38,18057293361,30,33,8,0.9,510000000,157601.97775030902,300000000.0,0.6,0.53,8,6,1,250000000.0,20
93,Kuiper,3236,12,1500000,2500000,3500000,613,38,17867067921,30,32,1,0.9,510000000,157601.97775030902,300000000.0,0.6,0.53,8,6,1,250000000.0,20
94,Kuiper,3236,12,1500000,2500000,3500000,609,36,18086948976,30,33,10,0.9,510000000,157601.97775030902,300000000.0,0.6,0.53,8,6,1,250000000.0,20
95,Kuiper,3236,12,1500000,2500000,3500000,607,39,19452420005,30,32,6,0.9,510000000,157601.97775030902,300000000.0,0.6,0.53,8,6,1,250000000.0,20
96,Kuiper,3236,12,1500000,2500000,3500000,616,36,19131040546,30,31,3,0.9,510000000,157601.97775030902,300000000.0,0.6,0.53,8,6,1,250000000.0,20
97,Kuiper,3236,12,1500000,2500000,3500000,616,39,19229251691,30,29,11,0.9,510000000,157601.97775030902,300000000.0,0.6,0.53,8,6,1,250000000.0,20
98,Kuiper,3236,12,1500000,2500000,3500000,611,35,17984927079,30,28,16,0.9,510000000,157601.97775030902,300000000.0,0.6,0.53,8,6,1,250000000.0,20
99,Kuiper,3236,12,1500000,2500000,3500000,606,35,18613363799,30,31,13,0.9,510000000,157601.97775030902,300000000.0,0.6,0.53,8,6,1,250000000.0,20
0,GEO,19,12,1500000,2500000,3500000,35786,5,12539229352,57,30,3,7.567366079951083,510000000,26842105.263157893,300000000.0,0.55,0.53,64,155,2,12000000.0,20
1,GEO,19,12,1500000,2500000,3500000,35786,7,12836745533,53,33,1,5.884183887624413,510000000,26842105.263157893,300000000.0,0.55,0.53,64,155,2,12000000.0,20
2,GEO,19,12,1500000,2500000,3500000,35786,5,12240731595,58,33,6,7.265189111609016,510000000,26842105.263157893,300000000.0,0.55,0.53,64,155,2,12000000.0,20
3,GEO,19,12,1500000,2500000,3500000,35786,10,11555392857,61,32,15,9.639981459587375,510000000,26842105.263157893,300000000.0,0.55,0.53,64,155,2,12000000.0,20
4,GEO,19,12,1500000,2500000,3500000,35786,8,11144157945,55,34,15,8.307099822984387,510000000,26842105.263157893,300000000.0,0.55,0.53,64,155,2,12000000.0,20
5,GEO,19,12,1500000,2500000,3500000,35786,8,10621948446,56,33,17,6.200398190006059,510000000,26842105.263157893,300000000.0,0.55,0.53,64,155,2,12000000.0,20
6,GEO,19,12,1500000,2500000,3500000,35786,6,11860120336,62,33,3,8.517818778495592,510000000,26842105.263157893,300000000.0,0.55,0.53,64,155,2,12000000.0,20
7,GEO,19,12,1500000,2500000,3500000,35786,10,12198881793,59,34,6,8.123020166010507,510000000,26842105.263157893,300000000.0,0.55,0.53,64,155,2,12000000.0,20
8,GEO,19,12,1500000,2500000,3500000,35786,11,10960332284,51,31,10,8.784018440648673,510000000,26842105.263157893,300000000.0,0.55,0.53,64,155,2,12000000.0,20
9,GEO,19,12,1500000,2500000,3500000,35786,8,10938890471,58,33,6,9.972413499924993,510000000,26842105.263157893,300000000.0,0.55,0.53,64,155,2,12000000.0,20
10,GEO,19,12,1500000,2500000,3500000,35786,5,12869928557,50,33,6,6.539270860900166,510000000,26842105.263157893,300000000.0,0.55,0.53,64,155,2,12000000.0,20
11,GEO,19,12,1500000,2500000,3500000,35786,12,12993285468,56,34,17,6.8616962693348,510000000,26842105.263157893,300000000.0,0.55,0.53,64,155,2,12000000.0,20
12,GEO,19,12,1500000,2500000,3500000,35786,7,12576160763,56,34,11,9.032030537249803,510000000,26842105.263157893,300000000.0,0.55,0.53,64,155,2,12000000.0,20
13,GEO,19,12,1500000,2500000,3500000,35786,12,11636694718,65,33,8,8.228141548760204,510000000,26842105.263157893,300000000.0,0.55,0.53,64,155,2,12000000.0,20
14,GEO,19,12,1500000,2500000,3500000,35786,9,12182771930,61,32,3,6.684096456844513,510000000,26842105.263157893,300000000.0,0.55,0.53,64,155,2,12000000.0,20
15,GEO,19,12,1500000,2500000,3500000,35786,6,10992506990,50,31,17,5.159848235606462,510000000,26842105.263157893,300000000.0,0.55,0.53,64,155,2,12000000.0,20
16,GEO,19,12,1500000,2500000,3500000,35786,6,12338555117,61,30,1,7.8028027407562,510000000,26842105.263157893,300000000.0,0.55,0.53,64,155,2,12000000.0,20
17,GEO,19,12,1500000,2500000,3500000,35786,8,12439281342,51,30,8,8.292689850914268,510000000,26842105.263157893,300000000.0,0.55,0.53,64,155,2,12000000.0,20
18,GEO,19,12,1500000,2500000,3500000,35786,9,10658069698,64,33,16,7.7479133703002265,510000000,26842105.263157893,300000000.0,0.55,0.53,64,155,2,12000000.0,20
19,GEO,19,12,1500000,2500000,3500000,35786,10,13452738862,63,33,13,8.117664166877478,510000000,26842105.263157893,300000000.0,0.55,0.53,64,155,2,12000000.0,20
20,GEO,19,12,1500000,2500000,3500000,35786,12,12492916791,55,34,7,9.023466081672412,510000000,26842105.263157893,300000000.0,0.55,0.53,64,155,2,12000000.0,20
21,GEO,19,12,1500000,2500000,3500000,35786,14,12560160306,64,31,6,6.252267506017658,510000000,26842105.263157893,300000000.0,0.55,0.53,64,155,2,12000000.0,20
22,GEO,19,12,1500000,2500000,3500000,35786,8,12431184852,56,34,12,9.419798198120889,510000000,26842105.263157893,300000000.0,0.55,0.53,64,155,2,12000000.0,20
23,GEO,19,12,1500000,2500000,3500000,35786,9,12420025504,58,32,14,6.440430468355369,510000000,26842105.263157893,300000000.0,0.55,0.53,64,155,2,12000000.0,20
24,GEO,19,12,1500000,2500000,3500000,35786,11,11071294365,57,31,15,6.632143024852816,510000000,26842105.263157893,300000000.0,0.55,0.53,64,155,2,12000000.0,20
25,GEO,19,12,1500000,2500000,3500000,35786,13,11291324258,57,32,1,8.962905309231454,510000000,26842105.263157893,300000000.0,0.55,0.53,64,155,2,12000000.0,20
26,GEO,19,12,1500000,2500000,3500000,35786,6,11855226724,54,34,7,8.666498369737571,510000000,26842105.263157893,300000000.0,0.55,0.53,64,155,2,12000000.0,20
27,GEO,19,12,1500000,2500000,3500000,35786,8,12124355341,61,34,17,8.282978442590059,510000000,26842105.263157893,300000000.0,0.55,0.53,64,155,2,12000000.0,20
28,GEO,19,12,1500000,2500000,3500000,35786,9,12909179126,53,32,3,8.552505837378279,510000000,26842105.263157893,300000000.0,0.55,0.53,64,155,2,12000000.0,20
29,GEO,19,12,1500000,2500000,3500000,35786,11,11450811473,57,32,5,9.793426828235384,510000000,26842105.263157893,300000000.0,0.55,0.53,64,155,2,12000000.0,20
30,GEO,19,12,1500000,2500000,3500000,35786,6,13254654660,61,33,4,7.368025173324548,510000000,26842105.263157893,300000000.0,0.55,0.53,64,155,2,12000000.0,20
31,GEO,19,12,1500000,2500000,3500000,35786,11,13034105438,64,31,8,6.989039301866066,510000000,26842105.263157893,300000000.0,0.55,0.53,64,155,2,12000000.0,20
32,GEO,19,12,1500000,2500000,3500000,35786,13,11570106775,50,32,6,8.652974966265539,510000000,26842105.263157893,300000000.0,0.55,0.53,64,155,2,12000000.0,20
33,GEO,19,12,1500000,2500000,3500000,35786,10,12664355083,63,31,4,9.45979821671715,510000000,26842105.263157893,300000000.0,0.55,0.53,64,155,2,12000000.0,20
34,GEO,19,12,1500000,2500000,3500000,35786,5,10927650071,55,34,11,7.8080159065729635,510000000,26842105.263157893,300000000.0,0.55,0.53,64,155,2,12000000.0,20
35,GEO,19,12,1500000,2500000,3500000,35786,11,10664965055,62,30,6,8.533814693485747,510000000,26842105.263157893,300000000.0,0.55,0.53,64,155,2,12000000.0,20
36,GEO,19,12,1500000,2500000,3500000,35786,15,11886205770,58,32,5,6.214004842077239,510000000,26842105.263157893,300000000.0,0.55,0.53,64,155,2,12000000.0,20
37,GEO,19,12,1500000,2500000,3500000,35786,10,11967721064,52,32,8,8.607825742611348,510000000,26842105.263157893,300000000.0,0.55,0.53,64,155,2,12000000.0,20
38,GEO,19,12,1500000,2500000,3500000,35786,11,11590964974,57,33,4,8.985829070865156,510000000,26842105.263157893,300000000.0,0.55,0.53,64,155,2,12000000.0,20
39,GEO,19,12,1500000,2500000,3500000,35786,13,12813489195,63,30,9,9.484156739229247,510000000,26842105.263157893,300000000.0,0.55,0.53,64,155,2,12000000.0,20
40,GEO,19,12,1500000,2500000,3500000,35786,13,12592432553,56,32,2,9.962570163874663,510000000,26842105.263157893,300000000.0,0.55,0.53,64,155,2,12000000.0,20
41,GEO,19,12,1500000,2500000,3500000,35786,14,11883590295,54,30,1,7.970805263129333,510000000,26842105.263157893,300000000.0,0.55,0.53,64,155,2,12000000.0,20
42,GEO,19,12,1500000,2500000,3500000,35786,12,12401985455,59,30,1,7.1952920716391375,510000000,26842105.263157893,300000000.0,0.55,0.53,64,155,2,12000000.0,20
43,GEO,19,12,1500000,2500000,3500000,35786,7,13368569507,51,32,9,7.942384269955851,510000000,26842105.263157893,300000000.0,0.55,0.53,64,155,2,12000000.0,20
44,GEO,19,12,1500000,2500000,3500000,35786,15,11655736855,63,30,9,7.294949970870878,510000000,26842105.263157893,300000000.0,0.55,0.53,64,155,2,12000000.0,20
45,GEO,19,12,1500000,2500000,3500000,35786,15,11668085287,61,32,3,5.837426712716585,510000000,26842105.263157893,300000000.0,0.55,0.53,64,155,2,12000000.0,20
46,GEO,19,12,1500000,2500000,3500000,35786,12,11257656691,57,31,18,5.852323075667159,510000000,26842105.263157893,300000000.0,0.55,0.53,64,155,2,12000000.0,20
47,GEO,19,12,1500000,2500000,3500000,35786,13,10668076061,57,32,9,7.283124771321496,510000000,26842105.263157893,300000000.0,0.55,0.53,64,155,2,12000000.0,20
48,GEO,19,12,1500000,2500000,3500000,35786,5,11911871137,53,33,4,8.644234715892923,510000000,26842105.263157893,300000000.0,0.55,0.53,64,155,2,12000000.0,20
49,GEO,19,12,1500000,2500000,3500000,35786,15,11670961089,59,30,6,8.20724430745585,510000000,26842105.263157893,300000000.0,0.55,0.53,64,155,2,12000000.0,20
50,GEO,19,12,1500000,2500000,3500000,35786,8,13367248331,54,34,13,6.179138694267705,510000000,26842105.263157893,300000000.0,0.55,0.53,64,155,2,12000000.0,20
51,GEO,19,12,1500000,2500000,3500000,35786,15,11947004558,56,30,5,8.903303340093766,510000000,26842105.263157893,300000000.0,0.55,0.53,64,155,2,12000000.0,20
52,GEO,19,12,1500000,2500000,3500000,35786,5,11477968960,56,30,3,7.475743704613469,510000000,26842105.263157893,300000000.0,0.55,0.53,64,155,2,12000000.0,20
53,GEO,19,12,1500000,2500000,3500000,35786,15,12043327417,61,34,6,6.9486067102329745,510000000,26842105.263157893,300000000.0,0.55,0.53,64,155,2,12000000.0,20
54,GEO,19,12,1500000,2500000,3500000,35786,8,12599923330,64,34,14,9.089413244304689,510000000,26842105.263157893,300000000.0,0.55,0.53,64,155,2,12000000.0,20
55,GEO,19,12,1500000,2500000,3500000,35786,8,12303364904,65,32,7,5.78356238909053,510000000,26842105.263157893,300000000.0,0.55,0.53,64,155,2,12000000.0,20
56,GEO,19,12,1500000,2500000,3500000,35786,6,12095614629,58,31,12,9.635016424617367,510000000,26842105.263157893,300000000.0,0.55,0.53,64,155,2,12000000.0,20
57,GEO,19,12,1500000,2500000,3500000,35786,13,13214237549,56,33,3,6.896938167828626,510000000,26842105.263157893,300000000.0,0.55,0.53,64,155,2,12000000.0,20
58,GEO,19,12,1500000,2500000,3500000,35786,13,10767258575,61,31,10,5.945772488430448,510000000,26842105.263157893,300000000.0,0.55,0.53,64,155,2,12000000.0,20
59,GEO,19,12,1500000,2500000,3500000,35786,10,13274982419,59,34,15,9.05497689299878,510000000,26842105.263157893,300000000.0,0.55,0.53,64,155,2,12000000.0,20
60,GEO,19,12,1500000,2500000,3500000,35786,8,12394130345,58,34,6,9.918415368431873,510000000,26842105.263157893,300000000.0,0.55,0.53,64,155,2,12000000.0,20
61,GEO,19,12,1500000,2500000,3500000,35786,14,10607266277,52,33,11,7.582878914955852,510000000,26842105.263157893,300000000.0,0.55,0.53,64,155,2,12000000.0,20
62,GEO,19,12,1500000,2500000,3500000,35786,8,12435201934,57,30,2,8.326825795410873,510000000,26842105.263157893,300000000.0,0.55,0.53,64,155,2,12000000.0,20
63,GEO,19,12,1500000,2500000,3500000,35786,10,10682350357,64,34,12,8.738819100826394,510000000,26842105.263157893,300000000.0,0.55,0.53,64,155,2,12000000.0,20
64,GEO,19,12,1500000,2500000,3500000,35786,7,11687140564,61,32,2,6.238176295913622,510000000,26842105.263157893,300000000.0,0.55,0.53,64,155,2,12000000.0,20
65,GEO,19,12,1500000,2500000,3500000,35786,5,13346038073,63,34,11,8.938819931439166,510000000,26842105.263157893,300000000.0,0.55,0.53,64,155,2,12000000.0,20
66,GEO,19,12,1500000,2500000,3500000,35786,13,12732340885,60,34,13,8.010602108131504,510000000,26842105.263157893,300000000.0,0.55,0.53,64,155,2,12000000.0,20
67,GEO,19,12,1500000,2500000,3500000,35786,9,12012481878,52,30,7,8.267341898666754,510000000,26842105.263157893,300000000.0,0.55,0.53,64,155,2,12000000.0,20
68,GEO,19,12,1500000,2500000,3500000,35786,8,10620711213,65,31,3,9.755706406814795,510000000,26842105.263157893,300000000.0,0.55,0.53,64,155,2,12000000.0,20
69,GEO,19,12,1500000,2500000,3500000,35786,10,12679978857,65,31,6,6.795897677779303,510000000,26842105.263157893,300000000.0,0.55,0.53,64,155,2,12000000.0,20
70,GEO,19,12,1500000,2500000,3500000,35786,6,12195888758,60,31,1,5.681986485532169,510000000,26842105.263157893,300000000.0,0.55,0.53,64,155,2,12000000.0,20
71,GEO,19,12,1500000,2500000,3500000,35786,15,10844707765,58,32,15,8.281289615730733,510000000,26842105.263157893,300000000.0,0.55,0.53,64,155,2,12000000.0,20
72,GEO,19,12,1500000,2500000,3500000,35786,13,11427363293,57,33,10,9.905405119019813,510000000,26842105.263157893,300000000.0,0.55,0.53,64,155,2,12000000.0,20
73,GEO,19,12,1500000,2500000,3500000,35786,9,12510854404,52,30,11,8.178773644420783,510000000,26842105.263157893,300000000.0,0.55,0.53,64,155,2,12000000.0,20
74,GEO,19,12,1500000,2500000,3500000,35786,10,10882286881,59,30,7,7.729291209817522,510000000,26842105.263157893,300000000.0,0.55,0.53,64,155,2,12000000.0,20
75,GEO,19,12,1500000,2500000,3500000,35786,8,13186619027,58,33,15,9.231729814870786,510000000,26842105.263157893,300000000.0,0.55,0.53,64,155,2,12000000.0,20
76,GEO,19,12,1500000,2500000,3500000,35786,7,10697674141,54,31,7,9.696598079396928,510000000,26842105.263157893,300000000.0,0.55,0.53,64,155,2,12000000.0,20
77,GEO,19,12,1500000,2500000,3500000,35786,12,10959835783,61,30,15,7.507806525664513,510000000,26842105.263157893,300000000.0,0.55,0.53,64,155,2,12000000.0,20
78,GEO,19,12,1500000,2500000,3500000,35786,6,12519552898,56,30,1,9.833508995306268,510000000,26842105.263157893,300000000.0,0.55,0.53,64,155,2,12000000.0,20
79,GEO,19,12,1500000,2500000,3500000,35786,8,11904271820,56,31,8,5.3172866912354415,510000000,26842105.263157893,300000000.0,0.55,0.53,64,155,2,12000000.0,20
80,GEO,19,12,1500000,2500000,3500000,35786,14,11660101677,56,32,8,6.362821780377796,510000000,26842105.263157893,300000000.0,0.55,0.53,64,155,2,12000000.0,20
81,GEO,19,12,1500000,2500000,3500000,35786,6,10509765887,55,31,10,7.3875338628251885,510000000,26842105.263157893,300000000.0,0.55,0.53,64,155,2,12000000.0,20
82,GEO,19,12,1500000,2500000,3500000,35786,5,10851698158,55,31,15,9.371383057871865,510000000,26842105.263157893,300000000.0,0.55,0.53,64,155,2,12000000.0,20
83,GEO,19,12,1500000,2500000,3500000,35786,12,11089312336,59,30,6,8.217888423993543,510000000,26842105.263157893,300000000.0,0.55,0.53,64,155,2,12000000.0,20
84,GEO,19,12,1500000,2500000,3500000,35786,12,13222990579,60,30,6,6.7513521959391785,510000000,26842105.263157893,300000000.0,0.55,0.53,64,155,2,12000000.0,20
85,GEO,19,12,1500000,2500000,3500000,35786,7,11459583580,54,33,12,9.844880995703424,510000000,26842105.263157893,300000000.0,0.55,0.53,64,155,2,12000000.0,20
86,GEO,19,12,1500000,2500000,3500000,35786,6,11652499936,58,32,4,5.752413456146502,510000000,26842105.263157893,300000000.0,0.55,0.53,64,155,2,12000000.0,20
87,GEO,19,12,1500000,2500000,3500000,35786,9,12154866446,56,33,11,7.145998430752751,510000000,26842105.263157893,300000000.0,0.55,0.53,64,155,2,12000000.0,20
88,GEO,19,12,1500000,2500000,3500000,35786,8,10896419689,57,32,15,7.254431684870086,510000000,26842105.263157893,300000000.0,0.55,0.53,64,155,2,12000000.0,20
89,GEO,19,12,1500000,2500000,3500000,35786,5,11867033247,52,32,8,9.4495280515054,510000000,26842105.263157893,300000000.0,0.55,0.53,64,155,2,12000000.0,20
90,GEO,19,12,1500000,2500000,3500000,35786,6,12972068276,60,32,14,7.398920991716365,510000000,26842105.263157893,300000000.0,0.55,0.53,64,155,2,12000000.0,20
91,GEO,19,12,1500000,2500000,3500000,35786,6,13123815845,53,31,5,5.13201320603414,510000000,26842105.263157893,300000000.0,0.55,0.53,64,155,2,12000000.0,20
92,GEO,19,12,1500000,2500000,3500000,35786,6,12942072546,51,32,10,7.677220840031672,510000000,26842105.263157893,300000000.0,0.55,0.53,64,155,2,12000000.0,20
93,GEO,19,12,1500000,2500000,3500000,35786,8,10511128578,52,33,1,7.092560055785607,510000000,26842105.263157893,300000000.0,0.55,0.53,64,155,2,12000000.0,20
94,GEO,19,12,1500000,2500000,3500000,35786,15,11433052037,61,32,5,9.847956854193896,510000000,26842105.263157893,300000000.0,0.55,0.53,64,155,2,12000000.0,20
95,GEO,19,12,1500000,2500000,3500000,35786,8,12471261491,64,31,15,8.967722978363486,510000000,26842105.263157893,300000000.0,0.55,0.53,64,155,2,12000000.0,20
96,GEO,19,12,1500000,2500000,3500000,35786,11,11000862909,55,33,4,6.685045590945553,510000000,26842105.263157893,300000000.0,0.55,0.53,64,155,2,12000000.0,20
97,GEO,19,12,1500000,2500000,3500000,35786,13,11391595141,56,33,17,5.570853580904989,510000000,26842105.263157893,300000000.0,0.55,0.53,64,155,2,12000000.0,20
98,GEO,19,12,1500000,2500000,3500000,35786,13,12565096657,64,31,14,9.042566472873787,510000000,26842105.263157893,300000000.0,0.55,0.53,64,155,2,12000000.0,20
99,GEO,19,12,1500000,2500000,3500000,35786,14,12548667146,54,32,6,9.754717448203959,510000000,26842105.263157893,300000000.0,0.55,0.53,64,155,2,12000000.0,20
