constellation,capex_costs,opex_scenario,opex_costs,capex_scenario,total_cost_ownership,subscriber_scenario,subscribers,capex_per_user,opex_per_user,tco_per_user
Starlink,401386000.0,Low,379800000,Low,2292647402.399206,subscribers_low,2500000,160.5544,151.92,917.0589609596825
Starlink,401386000.0,Low,389800000,Low,2338106907.4408293,subscribers_low,2500000,160.5544,155.92,935.2427629763317
Starlink,401386000.0,Low,399800000,Low,2383566412.4824533,subscribers_low,2500000,160.5544,159.92,953.4265649929813
Starlink,401386000.0,Baseline,382800000,Low,2306285253.911693,subscribers_low,2500000,160.5544,153.12,922.5141015646773
Starlink,401386000.0,Baseline,392800000,Low,2351744758.9533167,subscribers_low,2500000,160.5544,157.12,940.6979035813267
Starlink,401386000.0,Baseline,402800000,Low,2397204263.9949403,subscribers_low,2500000,160.5544,161.12,958.8817055979761
Starlink,401386000.0,High,385800000,Low,2319923105.42418,subscribers_low,2500000,160.5544,154.32,927.969242169672
Starlink,401386000.0,High,395800000,Low,2365382610.465804,subscribers_low,2500000,160.5544,158.32,946.1530441863216
Starlink,401386000.0,High,405800000,Low,2410842115.507427,subscribers_low,2500000,160.5544,162.32,964.3368462029708
Starlink,411158000.0,Low,379800000,High,2302419402.399206,subscribers_low,2500000,164.4632,151.92,920.9677609596824
Starlink,411158000.0,Low,389800000,High,2347878907.4408293,subscribers_low,2500000,164.4632,155.92,939.1515629763317
Starlink,411158000.0,Low,399800000,High,2393338412.4824533,subscribers_low,2500000,164.4632,159.92,957.3353649929813
Starlink,411158000.0,Baseline,382800000,High,2316057253.911693,subscribers_low,2500000,164.4632,153.12,926.4229015646772
Starlink,411158000.0,Baseline,392800000,High,2361516758.9533167,subscribers_low,2500000,164.4632,157.12,944.6067035813267
Starlink,411158000.0,Baseline,402800000,High,2406976263.9949403,subscribers_low,2500000,164.4632,161.12,962.7905055979761
Starlink,411158000.0,High,385800000,High,2329695105.42418,subscribers_low,2500000,164.4632,154.32,931.878042169672
Starlink,411158000.0,High,395800000,High,2375154610.465804,subscribers_low,2500000,164.4632,158.32,950.0618441863217
Starlink,411158000.0,High,405800000,High,2420614115.507427,subscribers_low,2500000,164.4632,162.32,968.2456462029709
Starlink,420930000.0,Low,379800000,High,2312191402.399206,subscribers_low,2500000,168.372,151.92,924.8765609596825
Starlink,420930000.0,Low,389800000,High,2357650907.4408293,subscribers_low,2500000,168.372,155.92,943.0603629763317
Starlink,420930000.0,Low,399800000,High,2403110412.4824533,subscribers_low,2500000,168.372,159.92,961.2441649929814
Starlink,420930000.0,Baseline,382800000,High,2325829253.911693,subscribers_low,2500000,168.372,153.12,930.3317015646772
Starlink,420930000.0,Baseline,392800000,High,2371288758.9533167,subscribers_low,2500000,168.372,157.12,948.5155035813267
Starlink,420930000.0,Baseline,402800000,High,2416748263.9949403,subscribers_low,2500000,168.372,161.12,966.6993055979761
Starlink,420930000.0,High,385800000,High,2339467105.42418,subscribers_low,2500000,168.372,154.32,935.786842169672
Starlink,420930000.0,High,395800000,High,2384926610.465804,subscribers_low,2500000,168.372,158.32,953.9706441863217
Starlink,420930000.0,High,405800000,High,2430386115.507427,subscribers_low,2500000,168.372,162.32,972.1544462029709
Starlink,465058000.0,Low,379800000,High,2356319402.399206,subscribers_low,2500000,186.0232,151.92,942.5277609596825
Starlink,465058000.0,Low,389800000,High,2401778907.4408293,subscribers_low,2500000,186.0232,155.92,960.7115629763317
Starlink,465058000.0,Low,399800000,High,2447238412.4824533,subscribers_low,2500000,186.0232,159.92,978.8953649929813
Starlink,465058000.0,Baseline,382800000,High,2369957253.911693,subscribers_low,2500000,186.0232,153.12,947.9829015646773
Starlink,465058000.0,Baseline,392800000,High,2415416758.9533167,subscribers_low,2500000,186.0232,157.12,966.1667035813267
Starlink,465058000.0,Baseline,402800000,High,2460876263.9949403,subscribers_low,2500000,186.0232,161.12,984.3505055979762
Starlink,465058000.0,High,385800000,High,2383595105.42418,subscribers_low,2500000,186.0232,154.32,953.438042169672
Starlink,465058000.0,High,395800000,High,2429054610.465804,subscribers_low,2500000,186.0232,158.32,971.6218441863216
Starlink,465058000.0,High,405800000,High,2474514115.507427,subscribers_low,2500000,186.0232,162.32,989.8056462029709
Starlink,474830000.0,Low,379800000,Baseline,2366091402.399206,subscribers_low,2500000,189.932,151.92,946.4365609596824
Starlink,474830000.0,Low,389800000,Baseline,2411550907.4408293,subscribers_low,2500000,189.932,155.92,964.6203629763318
Starlink,474830000.0,Low,399800000,Baseline,2457010412.4824533,subscribers_low,2500000,189.932,159.92,982.8041649929813
Starlink,474830000.0,Baseline,382800000,Baseline,2379729253.911693,subscribers_low,2500000,189.932,153.12,951.8917015646772
Starlink,474830000.0,Baseline,392800000,Baseline,2425188758.9533167,subscribers_low,2500000,189.932,157.12,970.0755035813266
Starlink,474830000.0,Baseline,402800000,Baseline,2470648263.9949403,subscribers_low,2500000,189.932,161.12,988.2593055979761
Starlink,474830000.0,High,385800000,Baseline,2393367105.42418,subscribers_low,2500000,189.932,154.32,957.346842169672
Starlink,474830000.0,High,395800000,Baseline,2438826610.465804,subscribers_low,2500000,189.932,158.32,975.5306441863216
Starlink,474830000.0,High,405800000,Baseline,2484286115.507427,subscribers_low,2500000,189.932,162.32,993.7144462029709
Starlink,484602000.0,Low,379800000,High,2375863402.399206,subscribers_low,2500000,193.8408,151.92,950.3453609596825
Starlink,484602000.0,Low,389800000,High,2421322907.4408293,subscribers_low,2500000,193.8408,155.92,968.5291629763317
Starlink,484602000.0,Low,399800000,High,2466782412.4824533,subscribers_low,2500000,193.8408,159.92,986.7129649929814
Starlink,484602000.0,Baseline,382800000,High,2389501253.911693,subscribers_low,2500000,193.8408,153.12,955.8005015646772
Starlink,484602000.0,Baseline,392800000,High,2434960758.9533167,subscribers_low,2500000,193.8408,157.12,973.9843035813267
Starlink,484602000.0,Baseline,402800000,High,2480420263.9949403,subscribers_low,2500000,193.8408,161.12,992.1681055979761
Starlink,484602000.0,High,385800000,High,2403139105.42418,subscribers_low,2500000,193.8408,154.32,961.255642169672
Starlink,484602000.0,High,395800000,High,2448598610.465804,subscribers_low,2500000,193.8408,158.32,979.4394441863217
Starlink,484602000.0,High,405800000,High,2494058115.507427,subscribers_low,2500000,193.8408,162.32,997.6232462029709
Starlink,528730000.0,Low,379800000,High,2419991402.399206,subscribers_low,2500000,211.492,151.92,967.9965609596825
Starlink,528730000.0,Low,389800000,High,2465450907.4408293,subscribers_low,2500000,211.492,155.92,986.1803629763317
Starlink,528730000.0,Low,399800000,High,2510910412.4824533,subscribers_low,2500000,211.492,159.92,1004.3641649929814
Starlink,528730000.0,Baseline,382800000,High,2433629253.911693,subscribers_low,2500000,211.492,153.12,973.4517015646773
Starlink,528730000.0,Baseline,392800000,High,2479088758.9533167,subscribers_low,2500000,211.492,157.12,991.6355035813267
Starlink,528730000.0,Baseline,402800000,High,2524548263.9949403,subscribers_low,2500000,211.492,161.12,1009.8193055979762
Starlink,528730000.0,High,385800000,High,2447267105.42418,subscribers_low,2500000,211.492,154.32,978.906842169672
Starlink,528730000.0,High,395800000,High,2492726610.465804,subscribers_low,2500000,211.492,158.32,997.0906441863216
Starlink,528730000.0,High,405800000,High,2538186115.507427,subscribers_low,2500000,211.492,162.32,1015.2744462029709
Starlink,538502000.0,Low,379800000,High,2429763402.399206,subscribers_low,2500000,215.4008,151.92,971.9053609596824
Starlink,538502000.0,Low,389800000,High,2475222907.4408293,subscribers_low,2500000,215.4008,155.92,990.0891629763317
Starlink,538502000.0,Low,399800000,High,2520682412.4824533,subscribers_low,2500000,215.4008,159.92,1008.2729649929813
Starlink,538502000.0,Baseline,382800000,High,2443401253.911693,subscribers_low,2500000,215.4008,153.12,977.3605015646773
Starlink,538502000.0,Baseline,392800000,High,2488860758.9533167,subscribers_low,2500000,215.4008,157.12,995.5443035813266
Starlink,538502000.0,Baseline,402800000,High,2534320263.9949403,subscribers_low,2500000,215.4008,161.12,1013.7281055979761
Starlink,538502000.0,High,385800000,High,2457039105.42418,subscribers_low,2500000,215.4008,154.32,982.8156421696721
Starlink,538502000.0,High,395800000,High,2502498610.465804,subscribers_low,2500000,215.4008,158.32,1000.9994441863216
Starlink,538502000.0,High,405800000,High,2547958115.507427,subscribers_low,2500000,215.4008,162.32,1019.1832462029708
Starlink,548274000.0,Low,379800000,High,2439535402.399206,subscribers_low,2500000,219.3096,151.92,975.8141609596825
Starlink,548274000.0,Low,389800000,High,2484994907.4408293,subscribers_low,2500000,219.3096,155.92,993.9979629763317
Starlink,548274000.0,Low,399800000,High,2530454412.4824533,subscribers_low,2500000,219.3096,159.92,1012.1817649929814
Starlink,548274000.0,Baseline,382800000,High,2453173253.911693,subscribers_low,2500000,219.3096,153.12,981.2693015646772
Starlink,548274000.0,Baseline,392800000,High,2498632758.9533167,subscribers_low,2500000,219.3096,157.12,999.4531035813267
Starlink,548274000.0,Baseline,402800000,High,2544092263.9949403,subscribers_low,2500000,219.3096,161.12,1017.6369055979761
Starlink,548274000.0,High,385800000,High,2466811105.42418,subscribers_low,2500000,219.3096,154.32,986.724442169672
Starlink,548274000.0,High,395800000,High,2512270610.465804,subscribers_low,2500000,219.3096,158.32,1004.9082441863217
Starlink,548274000.0,High,405800000,High,2557730115.507427,subscribers_low,2500000,219.3096,162.32,1023.0920462029709
OneWeb,284928000.0,Low,278800000,Low,1717048401.4788077,subscribers_low,500000,569.856,557.6,3434.096802957615
OneWeb,284928000.0,Low,288800000,Low,1762507906.5204313,subscribers_low,500000,569.856,577.6,3525.0158130408627
OneWeb,284928000.0,Low,298800000,Low,1807967411.5620549,subscribers_low,500000,569.856,597.6,3615.9348231241097
OneWeb,284928000.0,Baseline,281800000,Low,1730686252.9912946,subscribers_low,500000,569.856,563.6,3461.3725059825892
OneWeb,284928000.0,Baseline,291800000,Low,1776145758.0329182,subscribers_low,500000,569.856,583.6,3552.2915160658363
OneWeb,284928000.0,Baseline,301800000,Low,1821605263.074542,subscribers_low,500000,569.856,603.6,3643.210526149084
OneWeb,284928000.0,High,284800000,Low,1744324104.5037818,subscribers_low,500000,569.856,569.6,3488.6482090075638
OneWeb,284928000.0,High,294800000,Low,1789783609.5454054,subscribers_low,500000,569.856,589.6,3579.567219090811
OneWeb,284928000.0,High,304800000,Low,1835243114.587029,subscribers_low,500000,569.856,609.6,3670.486229174058
OneWeb,288928000.0,Low,278800000,High,1721048401.4788077,subscribers_low,500000,577.856,557.6,3442.096802957615
OneWeb,288928000.0,Low,288800000,High,1766507906.5204313,subscribers_low,500000,577.856,577.6,3533.0158130408627
OneWeb,288928000.0,Low,298800000,High,1811967411.5620549,subscribers_low,500000,577.856,597.6,3623.9348231241097
OneWeb,288928000.0,Baseline,281800000,High,1734686252.9912946,subscribers_low,500000,577.856,563.6,3469.3725059825892
OneWeb,288928000.0,Baseline,291800000,High,1780145758.0329182,subscribers_low,500000,577.856,583.6,3560.2915160658363
OneWeb,288928000.0,Baseline,301800000,High,1825605263.074542,subscribers_low,500000,577.856,603.6,3651.210526149084
OneWeb,288928000.0,High,284800000,High,1748324104.5037818,subscribers_low,500000,577.856,569.6,3496.6482090075638
OneWeb,288928000.0,High,294800000,High,1793783609.5454054,subscribers_low,500000,577.856,589.6,3587.567219090811
OneWeb,288928000.0,High,304800000,High,1839243114.587029,subscribers_low,500000,577.856,609.6,3678.486229174058
OneWeb,292928000.0,Low,278800000,High,1725048401.4788077,subscribers_low,500000,585.856,557.6,3450.096802957615
OneWeb,292928000.0,Low,288800000,High,1770507906.5204313,subscribers_low,500000,585.856,577.6,3541.0158130408627
OneWeb,292928000.0,Low,298800000,High,1815967411.5620549,subscribers_low,500000,585.856,597.6,3631.9348231241097
OneWeb,292928000.0,Baseline,281800000,High,1738686252.9912946,subscribers_low,500000,585.856,563.6,3477.3725059825892
OneWeb,292928000.0,Baseline,291800000,High,1784145758.0329182,subscribers_low,500000,585.856,583.6,3568.2915160658363
OneWeb,292928000.0,Baseline,301800000,High,1829605263.074542,subscribers_low,500000,585.856,603.6,3659.210526149084
OneWeb,292928000.0,High,284800000,High,1752324104.5037818,subscribers_low,500000,585.856,569.6,3504.6482090075638
OneWeb,292928000.0,High,294800000,High,1797783609.5454054,subscribers_low,500000,585.856,589.6,3595.567219090811
OneWeb,292928000.0,High,304800000,High,1843243114.587029,subscribers_low,500000,585.856,609.6,3686.486229174058
OneWeb,348600000.0,Low,278800000,High,1780720401.4788077,subscribers_low,500000,697.2,557.6,3561.4408029576152
OneWeb,348600000.0,Low,288800000,High,1826179906.5204315,subscribers_low,500000,697.2,577.6,3652.359813040863
OneWeb,348600000.0,Low,298800000,High,1871639411.5620549,subscribers_low,500000,697.2,597.6,3743.2788231241097
OneWeb,348600000.0,Baseline,281800000,High,1794358252.9912946,subscribers_low,500000,697.2,563.6,3588.7165059825893
OneWeb,348600000.0,Baseline,291800000,High,1839817758.0329185,subscribers_low,500000,697.2,583.6,3679.635516065837
OneWeb,348600000.0,Baseline,301800000,High,1885277263.074542,subscribers_low,500000,697.2,603.6,3770.5545261490843
OneWeb,348600000.0,High,284800000,High,1807996104.5037816,subscribers_low,500000,697.2,569.6,3615.992209007563
OneWeb,348600000.0,High,294800000,High,1853455609.5454051,subscribers_low,500000,697.2,589.6,3706.9112190908104
OneWeb,348600000.0,High,304800000,High,1898915114.587029,subscribers_low,500000,697.2,609.6,3797.830229174058
OneWeb,352600000.0,Low,278800000,Baseline,1784720401.4788077,subscribers_low,500000,705.2,557.6,3569.4408029576152
OneWeb,352600000.0,Low,288800000,Baseline,1830179906.5204315,subscribers_low,500000,705.2,577.6,3660.359813040863
OneWeb,352600000.0,Low,298800000,Baseline,1875639411.5620549,subscribers_low,500000,705.2,597.6,3751.2788231241097
OneWeb,352600000.0,Baseline,281800000,Baseline,1798358252.9912946,subscribers_low,500000,705.2,563.6,3596.7165059825893
OneWeb,352600000.0,Baseline,291800000,Baseline,1843817758.0329185,subscribers_low,500000,705.2,583.6,3687.635516065837
OneWeb,352600000.0,Baseline,301800000,Baseline,1889277263.074542,subscribers_low,500000,705.2,603.6,3778.5545261490843
OneWeb,352600000.0,High,284800000,Baseline,1811996104.5037816,subscribers_low,500000,705.2,569.6,3623.992209007563
OneWeb,352600000.0,High,294800000,Baseline,1857455609.5454051,subscribers_low,500000,705.2,589.6,3714.9112190908104
OneWeb,352600000.0,High,304800000,Baseline,1902915114.587029,subscribers_low,500000,705.2,609.6,3805.830229174058
OneWeb,356600000.0,Low,278800000,High,1788720401.4788077,subscribers_low,500000,713.2,557.6,3577.4408029576152
OneWeb,356600000.0,Low,288800000,High,1834179906.5204315,subscribers_low,500000,713.2,577.6,3668.359813040863
OneWeb,356600000.0,Low,298800000,High,1879639411.5620549,subscribers_low,500000,713.2,597.6,3759.2788231241097
OneWeb,356600000.0,Baseline,281800000,High,1802358252.9912944,subscribers_low,500000,713.2,563.6,3604.716505982589
OneWeb,356600000.0,Baseline,291800000,High,1847817758.0329185,subscribers_low,500000,713.2,583.6,3695.635516065837
OneWeb,356600000.0,Baseline,301800000,High,1893277263.074542,subscribers_low,500000,713.2,603.6,3786.5545261490843
OneWeb,356600000.0,High,284800000,High,1815996104.5037816,subscribers_low,500000,713.2,569.6,3631.992209007563
OneWeb,356600000.0,High,294800000,High,1861455609.5454051,subscribers_low,500000,713.2,589.6,3722.9112190908104
OneWeb,356600000.0,High,304800000,High,1906915114.587029,subscribers_low,500000,713.2,609.6,3813.830229174058
OneWeb,412272000.0,Low,278800000,High,1844392401.478808,subscribers_low,500000,824.544,557.6,3688.7848029576157
OneWeb,412272000.0,Low,288800000,High,1889851906.5204315,subscribers_low,500000,824.544,577.6,3779.703813040863
OneWeb,412272000.0,Low,298800000,High,1935311411.5620549,subscribers_low,500000,824.544,597.6,3870.62282312411
OneWeb,412272000.0,Baseline,281800000,High,1858030252.9912944,subscribers_low,500000,824.544,563.6,3716.060505982589
OneWeb,412272000.0,Baseline,291800000,High,1903489758.0329185,subscribers_low,500000,824.544,583.6,3806.979516065837
OneWeb,412272000.0,Baseline,301800000,High,1948949263.074542,subscribers_low,500000,824.544,603.6,3897.898526149084
OneWeb,412272000.0,High,284800000,High,1871668104.5037816,subscribers_low,500000,824.544,569.6,3743.336209007563
OneWeb,412272000.0,High,294800000,High,1917127609.5454051,subscribers_low,500000,824.544,589.6,3834.2552190908104
OneWeb,412272000.0,High,304800000,High,1962587114.587029,subscribers_low,500000,824.544,609.6,3925.174229174058
OneWeb,416272000.0,Low,278800000,High,1848392401.478808,subscribers_low,500000,832.544,557.6,3696.7848029576157
OneWeb,416272000.0,Low,288800000,High,1893851906.5204315,subscribers_low,500000,832.544,577.6,3787.703813040863
OneWeb,416272000.0,Low,298800000,High,1939311411.5620549,subscribers_low,500000,832.544,597.6,3878.62282312411
OneWeb,416272000.0,Baseline,281800000,High,1862030252.9912944,subscribers_low,500000,832.544,563.6,3724.060505982589
OneWeb,416272000.0,Baseline,291800000,High,1907489758.0329185,subscribers_low,500000,832.544,583.6,3814.979516065837
OneWeb,416272000.0,Baseline,301800000,High,1952949263.074542,subscribers_low,500000,832.544,603.6,3905.898526149084
OneWeb,416272000.0,High,284800000,High,1875668104.5037816,subscribers_low,500000,832.544,569.6,3751.336209007563
OneWeb,416272000.0,High,294800000,High,1921127609.5454051,subscribers_low,500000,832.544,589.6,3842.2552190908104
OneWeb,416272000.0,High,304800000,High,1966587114.587029,subscribers_low,500000,832.544,609.6,3933.174229174058
OneWeb,420272000.0,Low,278800000,High,1852392401.478808,subscribers_low,500000,840.544,557.6,3704.7848029576157
OneWeb,420272000.0,Low,288800000,High,1897851906.5204315,subscribers_low,500000,840.544,577.6,3795.703813040863
OneWeb,420272000.0,Low,298800000,High,1943311411.5620549,subscribers_low,500000,840.544,597.6,3886.62282312411
OneWeb,420272000.0,Baseline,281800000,High,1866030252.9912944,subscribers_low,500000,840.544,563.6,3732.060505982589
OneWeb,420272000.0,Baseline,291800000,High,1911489758.0329185,subscribers_low,500000,840.544,583.6,3822.979516065837
OneWeb,420272000.0,Baseline,301800000,High,1956949263.074542,subscribers_low,500000,840.544,603.6,3913.898526149084
OneWeb,420272000.0,High,284800000,High,1879668104.5037816,subscribers_low,500000,840.544,569.6,3759.336209007563
OneWeb,420272000.0,High,294800000,High,1925127609.5454051,subscribers_low,500000,840.544,589.6,3850.2552190908104
OneWeb,420272000.0,High,304800000,High,1970587114.587029,subscribers_low,500000,840.544,609.6,3941.174229174058
Kuiper,325328000.0,Low,339500000,Low,2037110845.1108327,subscribers_low,1500000,216.88533333333334,226.33333333333334,1358.073896740555
Kuiper,325328000.0,Low,349500000,Low,2082570350.152457,subscribers_low,1500000,216.88533333333334,233.0,1388.3802334349714
Kuiper,325328000.0,Low,359500000,Low,2128029855.1940804,subscribers_low,1500000,216.88533333333334,239.66666666666666,1418.6865701293868
Kuiper,325328000.0,Baseline,342500000,Low,2050748696.6233203,subscribers_low,1500000,216.88533333333334,228.33333333333334,1367.1657977488803
Kuiper,325328000.0,Baseline,352500000,Low,2096208201.664944,subscribers_low,1500000,216.88533333333334,235.0,1397.472134443296
Kuiper,325328000.0,Baseline,362500000,Low,2141667706.706568,subscribers_low,1500000,216.88533333333334,241.66666666666666,1427.778471137712
Kuiper,325328000.0,High,345500000,Low,2064386548.1358075,subscribers_low,1500000,216.88533333333334,230.33333333333334,1376.257698757205
Kuiper,325328000.0,High,355500000,Low,2109846053.177431,subscribers_low,1500000,216.88533333333334,237.0,1406.5640354516208
Kuiper,325328000.0,High,365500000,Low,2155305558.2190547,subscribers_low,1500000,216.88533333333334,243.66666666666666,1436.8703721460365
Kuiper,331928000.0,Low,339500000,High,2043710845.1108327,subscribers_low,1500000,221.28533333333334,226.33333333333334,1362.4738967405551
Kuiper,331928000.0,Low,349500000,High,2089170350.152457,subscribers_low,1500000,221.28533333333334,233.0,1392.7802334349713
Kuiper,331928000.0,Low,359500000,High,2134629855.1940804,subscribers_low,1500000,221.28533333333334,239.66666666666666,1423.086570129387
Kuiper,331928000.0,Baseline,342500000,High,2057348696.6233203,subscribers_low,1500000,221.28533333333334,228.33333333333334,1371.5657977488802
Kuiper,331928000.0,Baseline,352500000,High,2102808201.664944,subscribers_low,1500000,221.28533333333334,235.0,1401.8721344432959
Kuiper,331928000.0,Baseline,362500000,High,2148267706.706568,subscribers_low,1500000,221.28533333333334,241.66666666666666,1432.1784711377118
Kuiper,331928000.0,High,345500000,High,2070986548.1358075,subscribers_low,1500000,221.28533333333334,230.33333333333334,1380.657698757205
Kuiper,331928000.0,High,355500000,High,2116446053.177431,subscribers_low,1500000,221.28533333333334,237.0,1410.9640354516207
Kuiper,331928000.0,High,365500000,High,2161905558.2190547,subscribers_low,1500000,221.28533333333334,243.66666666666666,1441.2703721460364
Kuiper,338528000.0,Low,339500000,High,2050310845.1108327,subscribers_low,1500000,225.68533333333335,226.33333333333334,1366.8738967405552
Kuiper,338528000.0,Low,349500000,High,2095770350.152457,subscribers_low,1500000,225.68533333333335,233.0,1397.1802334349713
Kuiper,338528000.0,Low,359500000,High,2141229855.1940804,subscribers_low,1500000,225.68533333333335,239.66666666666666,1427.4865701293868
Kuiper,338528000.0,Baseline,342500000,High,2063948696.6233203,subscribers_low,1500000,225.68533333333335,228.33333333333334,1375.9657977488803
Kuiper,338528000.0,Baseline,352500000,High,2109408201.664944,subscribers_low,1500000,225.68533333333335,235.0,1406.272134443296
Kuiper,338528000.0,Baseline,362500000,High,2154867706.706568,subscribers_low,1500000,225.68533333333335,241.66666666666666,1436.5784711377119
Kuiper,338528000.0,High,345500000,High,2077586548.1358075,subscribers_low,1500000,225.68533333333335,230.33333333333334,1385.0576987572051
Kuiper,338528000.0,High,355500000,High,2123046053.177431,subscribers_low,1500000,225.68533333333335,237.0,1415.3640354516208
Kuiper,338528000.0,High,365500000,High,2168505558.2190547,subscribers_low,1500000,225.68533333333335,243.66666666666666,1445.6703721460365
Kuiper,389000000.0,Low,339500000,High,2100782845.1108327,subscribers_low,1500000,259.3333333333333,226.33333333333334,1400.5218967405551
Kuiper,389000000.0,Low,349500000,High,2146242350.152457,subscribers_low,1500000,259.3333333333333,233.0,1430.8282334349713
Kuiper,389000000.0,Low,359500000,High,2191701855.1940804,subscribers_low,1500000,259.3333333333333,239.66666666666666,1461.134570129387
Kuiper,389000000.0,Baseline,342500000,High,2114420696.6233203,subscribers_low,1500000,259.3333333333333,228.33333333333334,1409.6137977488802
Kuiper,389000000.0,Baseline,352500000,High,2159880201.664944,subscribers_low,1500000,259.3333333333333,235.0,1439.920134443296
Kuiper,389000000.0,Baseline,362500000,High,2205339706.706568,subscribers_low,1500000,259.3333333333333,241.66666666666666,1470.2264711377118
Kuiper,389000000.0,High,345500000,High,2128058548.1358075,subscribers_low,1500000,259.3333333333333,230.33333333333334,1418.705698757205
Kuiper,389000000.0,High,355500000,High,2173518053.177431,subscribers_low,1500000,259.3333333333333,237.0,1449.0120354516207
Kuiper,389000000.0,High,365500000,High,2218977558.2190547,subscribers_low,1500000,259.3333333333333,243.66666666666666,1479.3183721460364
Kuiper,395600000.0,Low,339500000,Baseline,2107382845.1108327,subscribers_low,1500000,263.73333333333335,226.33333333333334,1404.9218967405552
Kuiper,395600000.0,Low,349500000,Baseline,2152842350.152457,subscribers_low,1500000,263.73333333333335,233.0,1435.2282334349716
Kuiper,395600000.0,Low,359500000,Baseline,2198301855.1940804,subscribers_low,1500000,263.73333333333335,239.66666666666666,1465.5345701293868
Kuiper,395600000.0,Baseline,342500000,Baseline,2121020696.6233203,subscribers_low,1500000,263.73333333333335,228.33333333333334,1414.0137977488803
Kuiper,395600000.0,Baseline,352500000,Baseline,2166480201.664944,subscribers_low,1500000,263.73333333333335,235.0,1444.3201344432962
Kuiper,395600000.0,Baseline,362500000,Baseline,2211939706.706568,subscribers_low,1500000,263.73333333333335,241.66666666666666,1474.6264711377119
Kuiper,395600000.0,High,345500000,Baseline,2134658548.1358075,subscribers_low,1500000,263.73333333333335,230.33333333333334,1423.1056987572051
Kuiper,395600000.0,High,355500000,Baseline,2180118053.177431,subscribers_low,1500000,263.73333333333335,237.0,1453.4120354516208
Kuiper,395600000.0,High,365500000,Baseline,2225577558.2190547,subscribers_low,1500000,263.73333333333335,243.66666666666666,1483.7183721460365
Kuiper,402200000.0,Low,339500000,High,2113982845.1108327,subscribers_low,1500000,268.1333333333333,226.33333333333334,1409.321896740555
Kuiper,402200000.0,Low,349500000,High,2159442350.152457,subscribers_low,1500000,268.1333333333333,233.0,1439.6282334349714
Kuiper,402200000.0,Low,359500000,High,2204901855.1940804,subscribers_low,1500000,268.1333333333333,239.66666666666666,1469.9345701293869
Kuiper,402200000.0,Baseline,342500000,High,2127620696.6233203,subscribers_low,1500000,268.1333333333333,228.33333333333334,1418.4137977488801
Kuiper,402200000.0,Baseline,352500000,High,2173080201.664944,subscribers_low,1500000,268.1333333333333,235.0,1448.720134443296
Kuiper,402200000.0,Baseline,362500000,High,2218539706.706568,subscribers_low,1500000,268.1333333333333,241.66666666666666,1479.026471137712
Kuiper,402200000.0,High,345500000,High,2141258548.1358075,subscribers_low,1500000,268.1333333333333,230.33333333333334,1427.505698757205
Kuiper,402200000.0,High,355500000,High,2186718053.177431,subscribers_low,1500000,268.1333333333333,237.0,1457.8120354516207
Kuiper,402200000.0,High,365500000,High,2232177558.2190547,subscribers_low,1500000,268.1333333333333,243.66666666666666,1488.1183721460366
Kuiper,452672000.0,Low,339500000,High,2164454845.110833,subscribers_low,1500000,301.78133333333335,226.33333333333334,1442.9698967405554
Kuiper,452672000.0,Low,349500000,High,2209914350.152457,subscribers_low,1500000,301.78133333333335,233.0,1473.2762334349716
Kuiper,452672000.0,Low,359500000,High,2255373855.1940804,subscribers_low,1500000,301.78133333333335,239.66666666666666,1503.5825701293868
Kuiper,452672000.0,Baseline,342500000,High,2178092696.6233206,subscribers_low,1500000,301.78133333333335,228.33333333333334,1452.0617977488803
Kuiper,452672000.0,Baseline,352500000,High,2223552201.664944,subscribers_low,1500000,301.78133333333335,235.0,1482.3681344432962
Kuiper,452672000.0,Baseline,362500000,High,2269011706.706568,subscribers_low,1500000,301.78133333333335,241.66666666666666,1512.6744711377119
Kuiper,452672000.0,High,345500000,High,2191730548.1358075,subscribers_low,1500000,301.78133333333335,230.33333333333334,1461.1536987572051
Kuiper,452672000.0,High,355500000,High,2237190053.177431,subscribers_low,1500000,301.78133333333335,237.0,1491.4600354516208
Kuiper,452672000.0,High,365500000,High,2282649558.2190547,subscribers_low,1500000,301.78133333333335,243.66666666666666,1521.7663721460365
Kuiper,459272000.0,Low,339500000,High,2171054845.110833,subscribers_low,1500000,306.1813333333333,226.33333333333334,1447.3698967405555
Kuiper,459272000.0,Low,349500000,High,2216514350.152457,subscribers_low,1500000,306.1813333333333,233.0,1477.6762334349714
Kuiper,459272000.0,Low,359500000,High,2261973855.1940804,subscribers_low,1500000,306.1813333333333,239.66666666666666,1507.9825701293869
Kuiper,459272000.0,Baseline,342500000,High,2184692696.6233206,subscribers_low,1500000,306.1813333333333,228.33333333333334,1456.4617977488804
Kuiper,459272000.0,Baseline,352500000,High,2230152201.664944,subscribers_low,1500000,306.1813333333333,235.0,1486.768134443296
Kuiper,459272000.0,Baseline,362500000,High,2275611706.706568,subscribers_low,1500000,306.1813333333333,241.66666666666666,1517.074471137712
Kuiper,459272000.0,High,345500000,High,2198330548.1358075,subscribers_low,1500000,306.1813333333333,230.33333333333334,1465.553698757205
Kuiper,459272000.0,High,355500000,High,2243790053.177431,subscribers_low,1500000,306.1813333333333,237.0,1495.8600354516207
Kuiper,459272000.0,High,365500000,High,2289249558.2190547,subscribers_low,1500000,306.1813333333333,243.66666666666666,1526.1663721460366
Kuiper,465872000.0,Low,339500000,High,2177654845.110833,subscribers_low,1500000,310.58133333333336,226.33333333333334,1451.7698967405554
Kuiper,465872000.0,Low,349500000,High,2223114350.152457,subscribers_low,1500000,310.58133333333336,233.0,1482.0762334349715
Kuiper,465872000.0,Low,359500000,High,2268573855.1940804,subscribers_low,1500000,310.58133333333336,239.66666666666666,1512.382570129387
Kuiper,465872000.0,Baseline,342500000,High,2191292696.6233206,subscribers_low,1500000,310.58133333333336,228.33333333333334,1460.8617977488805
Kuiper,465872000.0,Baseline,352500000,High,2236752201.664944,subscribers_low,1500000,310.58133333333336,235.0,1491.1681344432961
Kuiper,465872000.0,Baseline,362500000,High,2282211706.706568,subscribers_low,1500000,310.58133333333336,241.66666666666666,1521.4744711377118
Kuiper,465872000.0,High,345500000,High,2204930548.1358075,subscribers_low,1500000,310.58133333333336,230.33333333333334,1469.953698757205
Kuiper,465872000.0,High,355500000,High,2250390053.177431,subscribers_low,1500000,310.58133333333336,237.0,1500.2600354516208
Kuiper,465872000.0,High,365500000,High,2295849558.2190547,subscribers_low,1500000,310.58133333333336,243.66666666666666,1530.5663721460364
Starlink,401386000.0,Low,379800000,Low,2292647402.399206,subscribers_baseline,3500000,114.68171428571429,108.51428571428572,655.0421149712017
Starlink,401386000.0,Low,389800000,Low,2338106907.4408293,subscribers_baseline,3500000,114.68171428571429,111.37142857142857,668.030544983094
Starlink,401386000.0,Low,399800000,Low,2383566412.4824533,subscribers_baseline,3500000,114.68171428571429,114.22857142857143,681.0189749949867
Starlink,401386000.0,Baseline,382800000,Low,2306285253.911693,subscribers_baseline,3500000,114.68171428571429,109.37142857142857,658.9386439747694
Starlink,401386000.0,Baseline,392800000,Low,2351744758.9533167,subscribers_baseline,3500000,114.68171428571429,112.22857142857143,671.9270739866619
Starlink,401386000.0,Baseline,402800000,Low,2397204263.9949403,subscribers_baseline,3500000,114.68171428571429,115.08571428571429,684.9155039985544
Starlink,401386000.0,High,385800000,Low,2319923105.42418,subscribers_baseline,3500000,114.68171428571429,110.22857142857143,662.8351729783371
Starlink,401386000.0,High,395800000,Low,2365382610.465804,subscribers_baseline,3500000,114.68171428571429,113.08571428571429,675.8236029902297
Starlink,401386000.0,High,405800000,Low,2410842115.507427,subscribers_baseline,3500000,114.68171428571429,115.94285714285714,688.812033002122
Starlink,411158000.0,Low,379800000,High,2302419402.399206,subscribers_baseline,3500000,117.47371428571428,108.51428571428572,657.8341149712018
Starlink,411158000.0,Low,389800000,High,2347878907.4408293,subscribers_baseline,3500000,117.47371428571428,111.37142857142857,670.8225449830941
Starlink,411158000.0,Low,399800000,High,2393338412.4824533,subscribers_baseline,3500000,117.47371428571428,114.22857142857143,683.8109749949866
Starlink,411158000.0,Baseline,382800000,High,2316057253.911693,subscribers_baseline,3500000,117.47371428571428,109.37142857142857,661.7306439747695
Starlink,411158000.0,Baseline,392800000,High,2361516758.9533167,subscribers_baseline,3500000,117.47371428571428,112.22857142857143,674.7190739866619
Starlink,411158000.0,Baseline,402800000,High,2406976263.9949403,subscribers_baseline,3500000,117.47371428571428,115.08571428571429,687.7075039985543
Starlink,411158000.0,High,385800000,High,2329695105.42418,subscribers_baseline,3500000,117.47371428571428,110.22857142857143,665.6271729783372
Starlink,411158000.0,High,395800000,High,2375154610.465804,subscribers_baseline,3500000,117.47371428571428,113.08571428571429,678.6156029902297
Starlink,411158000.0,High,405800000,High,2420614115.507427,subscribers_baseline,3500000,117.47371428571428,115.94285714285714,691.604033002122
Starlink,420930000.0,Low,379800000,High,2312191402.399206,subscribers_baseline,3500000,120.26571428571428,108.51428571428572,660.6261149712018
Starlink,420930000.0,Low,389800000,High,2357650907.4408293,subscribers_baseline,3500000,120.26571428571428,111.37142857142857,673.6145449830941
Starlink,420930000.0,Low,399800000,High,2403110412.4824533,subscribers_baseline,3500000,120.26571428571428,114.22857142857143,686.6029749949867
Starlink,420930000.0,Baseline,382800000,High,2325829253.911693,subscribers_baseline,3500000,120.26571428571428,109.37142857142857,664.5226439747695
Starlink,420930000.0,Baseline,392800000,High,2371288758.9533167,subscribers_baseline,3500000,120.26571428571428,112.22857142857143,677.5110739866619
Starlink,420930000.0,Baseline,402800000,High,2416748263.9949403,subscribers_baseline,3500000,120.26571428571428,115.08571428571429,690.4995039985544
Starlink,420930000.0,High,385800000,High,2339467105.42418,subscribers_baseline,3500000,120.26571428571428,110.22857142857143,668.4191729783372
Starlink,420930000.0,High,395800000,High,2384926610.465804,subscribers_baseline,3500000,120.26571428571428,113.08571428571429,681.4076029902297
Starlink,420930000.0,High,405800000,High,2430386115.507427,subscribers_baseline,3500000,120.26571428571428,115.94285714285714,694.3960330021221
Starlink,465058000.0,Low,379800000,High,2356319402.399206,subscribers_baseline,3500000,132.8737142857143,108.51428571428572,673.2341149712017
Starlink,465058000.0,Low,389800000,High,2401778907.4408293,subscribers_baseline,3500000,132.8737142857143,111.37142857142857,686.222544983094
Starlink,465058000.0,Low,399800000,High,2447238412.4824533,subscribers_baseline,3500000,132.8737142857143,114.22857142857143,699.2109749949867
Starlink,465058000.0,Baseline,382800000,High,2369957253.911693,subscribers_baseline,3500000,132.8737142857143,109.37142857142857,677.1306439747694
Starlink,465058000.0,Baseline,392800000,High,2415416758.9533167,subscribers_baseline,3500000,132.8737142857143,112.22857142857143,690.1190739866619
Starlink,465058000.0,Baseline,402800000,High,2460876263.9949403,subscribers_baseline,3500000,132.8737142857143,115.08571428571429,703.1075039985544
Starlink,465058000.0,High,385800000,High,2383595105.42418,subscribers_baseline,3500000,132.8737142857143,110.22857142857143,681.0271729783371
Starlink,465058000.0,High,395800000,High,2429054610.465804,subscribers_baseline,3500000,132.8737142857143,113.08571428571429,694.0156029902297
Starlink,465058000.0,High,405800000,High,2474514115.507427,subscribers_baseline,3500000,132.8737142857143,115.94285714285714,707.004033002122
Starlink,474830000.0,Low,379800000,Baseline,2366091402.399206,subscribers_baseline,3500000,135.66571428571427,108.51428571428572,676.0261149712018
Starlink,474830000.0,Low,389800000,Baseline,2411550907.4408293,subscribers_baseline,3500000,135.66571428571427,111.37142857142857,689.0145449830941
Starlink,474830000.0,Low,399800000,Baseline,2457010412.4824533,subscribers_baseline,3500000,135.66571428571427,114.22857142857143,702.0029749949866
Starlink,474830000.0,Baseline,382800000,Baseline,2379729253.911693,subscribers_baseline,3500000,135.66571428571427,109.37142857142857,679.9226439747695
Starlink,474830000.0,Baseline,392800000,Baseline,2425188758.9533167,subscribers_baseline,3500000,135.66571428571427,112.22857142857143,692.9110739866619
Starlink,474830000.0,Baseline,402800000,Baseline,2470648263.9949403,subscribers_baseline,3500000,135.66571428571427,115.08571428571429,705.8995039985543
Starlink,474830000.0,High,385800000,Baseline,2393367105.42418,subscribers_baseline,3500000,135.66571428571427,110.22857142857143,683.8191729783372
Starlink,474830000.0,High,395800000,Baseline,2438826610.465804,subscribers_baseline,3500000,135.66571428571427,113.08571428571429,696.8076029902297
Starlink,474830000.0,High,405800000,Baseline,2484286115.507427,subscribers_baseline,3500000,135.66571428571427,115.94285714285714,709.796033002122
Starlink,484602000.0,Low,379800000,High,2375863402.399206,subscribers_baseline,3500000,138.45771428571427,108.51428571428572,678.8181149712018
Starlink,484602000.0,Low,389800000,High,2421322907.4408293,subscribers_baseline,3500000,138.45771428571427,111.37142857142857,691.8065449830941
Starlink,484602000.0,Low,399800000,High,2466782412.4824533,subscribers_baseline,3500000,138.45771428571427,114.22857142857143,704.7949749949867
Starlink,484602000.0,Baseline,382800000,High,2389501253.911693,subscribers_baseline,3500000,138.45771428571427,109.37142857142857,682.7146439747695
Starlink,484602000.0,Baseline,392800000,High,2434960758.9533167,subscribers_baseline,3500000,138.45771428571427,112.22857142857143,695.7030739866619
Starlink,484602000.0,Baseline,402800000,High,2480420263.9949403,subscribers_baseline,3500000,138.45771428571427,115.08571428571429,708.6915039985544
Starlink,484602000.0,High,385800000,High,2403139105.42418,subscribers_baseline,3500000,138.45771428571427,110.22857142857143,686.6111729783372
Starlink,484602000.0,High,395800000,High,2448598610.465804,subscribers_baseline,3500000,138.45771428571427,113.08571428571429,699.5996029902298
Starlink,484602000.0,High,405800000,High,2494058115.507427,subscribers_baseline,3500000,138.45771428571427,115.94285714285714,712.5880330021221
Starlink,528730000.0,Low,379800000,High,2419991402.399206,subscribers_baseline,3500000,151.06571428571428,108.51428571428572,691.4261149712017
Starlink,528730000.0,Low,389800000,High,2465450907.4408293,subscribers_baseline,3500000,151.06571428571428,111.37142857142857,704.4145449830941
Starlink,528730000.0,Low,399800000,High,2510910412.4824533,subscribers_baseline,3500000,151.06571428571428,114.22857142857143,717.4029749949867
Starlink,528730000.0,Baseline,382800000,High,2433629253.911693,subscribers_baseline,3500000,151.06571428571428,109.37142857142857,695.3226439747694
Starlink,528730000.0,Baseline,392800000,High,2479088758.9533167,subscribers_baseline,3500000,151.06571428571428,112.22857142857143,708.3110739866619
Starlink,528730000.0,Baseline,402800000,High,2524548263.9949403,subscribers_baseline,3500000,151.06571428571428,115.08571428571429,721.2995039985543
Starlink,528730000.0,High,385800000,High,2447267105.42418,subscribers_baseline,3500000,151.06571428571428,110.22857142857143,699.2191729783372
Starlink,528730000.0,High,395800000,High,2492726610.465804,subscribers_baseline,3500000,151.06571428571428,113.08571428571429,712.2076029902297
Starlink,528730000.0,High,405800000,High,2538186115.507427,subscribers_baseline,3500000,151.06571428571428,115.94285714285714,725.196033002122
Starlink,538502000.0,Low,379800000,High,2429763402.399206,subscribers_baseline,3500000,153.85771428571428,108.51428571428572,694.2181149712018
Starlink,538502000.0,Low,389800000,High,2475222907.4408293,subscribers_baseline,3500000,153.85771428571428,111.37142857142857,707.2065449830941
Starlink,538502000.0,Low,399800000,High,2520682412.4824533,subscribers_baseline,3500000,153.85771428571428,114.22857142857143,720.1949749949866
Starlink,538502000.0,Baseline,382800000,High,2443401253.911693,subscribers_baseline,3500000,153.85771428571428,109.37142857142857,698.1146439747695
Starlink,538502000.0,Baseline,392800000,High,2488860758.9533167,subscribers_baseline,3500000,153.85771428571428,112.22857142857143,711.1030739866619
Starlink,538502000.0,Baseline,402800000,High,2534320263.9949403,subscribers_baseline,3500000,153.85771428571428,115.08571428571429,724.0915039985543
Starlink,538502000.0,High,385800000,High,2457039105.42418,subscribers_baseline,3500000,153.85771428571428,110.22857142857143,702.0111729783372
Starlink,538502000.0,High,395800000,High,2502498610.465804,subscribers_baseline,3500000,153.85771428571428,113.08571428571429,714.9996029902297
Starlink,538502000.0,High,405800000,High,2547958115.507427,subscribers_baseline,3500000,153.85771428571428,115.94285714285714,727.988033002122
Starlink,548274000.0,Low,379800000,High,2439535402.399206,subscribers_baseline,3500000,156.64971428571428,108.51428571428572,697.0101149712018
Starlink,548274000.0,Low,389800000,High,2484994907.4408293,subscribers_baseline,3500000,156.64971428571428,111.37142857142857,709.9985449830941
Starlink,548274000.0,Low,399800000,High,2530454412.4824533,subscribers_baseline,3500000,156.64971428571428,114.22857142857143,722.9869749949867
Starlink,548274000.0,Baseline,382800000,High,2453173253.911693,subscribers_baseline,3500000,156.64971428571428,109.37142857142857,700.9066439747695
Starlink,548274000.0,Baseline,392800000,High,2498632758.9533167,subscribers_baseline,3500000,156.64971428571428,112.22857142857143,713.8950739866619
Starlink,548274000.0,Baseline,402800000,High,2544092263.9949403,subscribers_baseline,3500000,156.64971428571428,115.08571428571429,726.8835039985544
Starlink,548274000.0,High,385800000,High,2466811105.42418,subscribers_baseline,3500000,156.64971428571428,110.22857142857143,704.8031729783371
Starlink,548274000.0,High,395800000,High,2512270610.465804,subscribers_baseline,3500000,156.64971428571428,113.08571428571429,717.7916029902298
Starlink,548274000.0,High,405800000,High,2557730115.507427,subscribers_baseline,3500000,156.64971428571428,115.94285714285714,730.7800330021221
OneWeb,284928000.0,Low,278800000,Low,1717048401.4788077,subscribers_baseline,800000,356.16,348.5,2146.31050184851
OneWeb,284928000.0,Low,288800000,Low,1762507906.5204313,subscribers_baseline,800000,356.16,361.0,2203.1348831505393
OneWeb,284928000.0,Low,298800000,Low,1807967411.5620549,subscribers_baseline,800000,356.16,373.5,2259.9592644525687
OneWeb,284928000.0,Baseline,281800000,Low,1730686252.9912946,subscribers_baseline,800000,356.16,352.25,2163.357816239118
OneWeb,284928000.0,Baseline,291800000,Low,1776145758.0329182,subscribers_baseline,800000,356.16,364.75,2220.1821975411476
OneWeb,284928000.0,Baseline,301800000,Low,1821605263.074542,subscribers_baseline,800000,356.16,377.25,2277.0065788431775
OneWeb,284928000.0,High,284800000,Low,1744324104.5037818,subscribers_baseline,800000,356.16,356.0,2180.4051306297274
OneWeb,284928000.0,High,294800000,Low,1789783609.5454054,subscribers_baseline,800000,356.16,368.5,2237.229511931757
OneWeb,284928000.0,High,304800000,Low,1835243114.587029,subscribers_baseline,800000,356.16,381.0,2294.0538932337863
OneWeb,288928000.0,Low,278800000,High,1721048401.4788077,subscribers_baseline,800000,361.16,348.5,2151.31050184851
OneWeb,288928000.0,Low,288800000,High,1766507906.5204313,subscribers_baseline,800000,361.16,361.0,2208.1348831505393
OneWeb,288928000.0,Low,298800000,High,1811967411.5620549,subscribers_baseline,800000,361.16,373.5,2264.9592644525687
OneWeb,288928000.0,Baseline,281800000,High,1734686252.9912946,subscribers_baseline,800000,361.16,352.25,2168.357816239118
OneWeb,288928000.0,Baseline,291800000,High,1780145758.0329182,subscribers_baseline,800000,361.16,364.75,2225.1821975411476
OneWeb,288928000.0,Baseline,301800000,High,1825605263.074542,subscribers_baseline,800000,361.16,377.25,2282.0065788431775
OneWeb,288928000.0,High,284800000,High,1748324104.5037818,subscribers_baseline,800000,361.16,356.0,2185.4051306297274
OneWeb,288928000.0,High,294800000,High,1793783609.5454054,subscribers_baseline,800000,361.16,368.5,2242.229511931757
OneWeb,288928000.0,High,304800000,High,1839243114.587029,subscribers_baseline,800000,361.16,381.0,2299.0538932337863
OneWeb,292928000.0,Low,278800000,High,1725048401.4788077,subscribers_baseline,800000,366.16,348.5,2156.31050184851
OneWeb,292928000.0,Low,288800000,High,1770507906.5204313,subscribers_baseline,800000,366.16,361.0,2213.1348831505393
OneWeb,292928000.0,Low,298800000,High,1815967411.5620549,subscribers_baseline,800000,366.16,373.5,2269.9592644525687
OneWeb,292928000.0,Baseline,281800000,High,1738686252.9912946,subscribers_baseline,800000,366.16,352.25,2173.357816239118
OneWeb,292928000.0,Baseline,291800000,High,1784145758.0329182,subscribers_baseline,800000,366.16,364.75,2230.1821975411476
OneWeb,292928000.0,Baseline,301800000,High,1829605263.074542,subscribers_baseline,800000,366.16,377.25,2287.0065788431775
OneWeb,292928000.0,High,284800000,High,1752324104.5037818,subscribers_baseline,800000,366.16,356.0,2190.4051306297274
OneWeb,292928000.0,High,294800000,High,1797783609.5454054,subscribers_baseline,800000,366.16,368.5,2247.229511931757
OneWeb,292928000.0,High,304800000,High,1843243114.587029,subscribers_baseline,800000,366.16,381.0,2304.0538932337863
OneWeb,348600000.0,Low,278800000,High,1780720401.4788077,subscribers_baseline,800000,435.75,348.5,2225.9005018485095
OneWeb,348600000.0,Low,288800000,High,1826179906.5204315,subscribers_baseline,800000,435.75,361.0,2282.7248831505394
OneWeb,348600000.0,Low,298800000,High,1871639411.5620549,subscribers_baseline,800000,435.75,373.5,2339.5492644525684
OneWeb,348600000.0,Baseline,281800000,High,1794358252.9912946,subscribers_baseline,800000,435.75,352.25,2242.9478162391183
OneWeb,348600000.0,Baseline,291800000,High,1839817758.0329185,subscribers_baseline,800000,435.75,364.75,2299.772197541148
OneWeb,348600000.0,Baseline,301800000,High,1885277263.074542,subscribers_baseline,800000,435.75,377.25,2356.5965788431777
OneWeb,348600000.0,High,284800000,High,1807996104.5037816,subscribers_baseline,800000,435.75,356.0,2259.995130629727
OneWeb,348600000.0,High,294800000,High,1853455609.5454051,subscribers_baseline,800000,435.75,368.5,2316.8195119317566
OneWeb,348600000.0,High,304800000,High,1898915114.587029,subscribers_baseline,800000,435.75,381.0,2373.643893233786
OneWeb,352600000.0,Low,278800000,Baseline,1784720401.4788077,subscribers_baseline,800000,440.75,348.5,2230.9005018485095
OneWeb,352600000.0,Low,288800000,Baseline,1830179906.5204315,subscribers_baseline,800000,440.75,361.0,2287.7248831505394
OneWeb,352600000.0,Low,298800000,Baseline,1875639411.5620549,subscribers_baseline,800000,440.75,373.5,2344.5492644525684
OneWeb,352600000.0,Baseline,281800000,Baseline,1798358252.9912946,subscribers_baseline,800000,440.75,352.25,2247.9478162391183
OneWeb,352600000.0,Baseline,291800000,Baseline,1843817758.0329185,subscribers_baseline,800000,440.75,364.75,2304.772197541148
OneWeb,352600000.0,Baseline,301800000,Baseline,1889277263.074542,subscribers_baseline,800000,440.75,377.25,2361.5965788431777
OneWeb,352600000.0,High,284800000,Baseline,1811996104.5037816,subscribers_baseline,800000,440.75,356.0,2264.995130629727
OneWeb,352600000.0,High,294800000,Baseline,1857455609.5454051,subscribers_baseline,800000,440.75,368.5,2321.8195119317566
OneWeb,352600000.0,High,304800000,Baseline,1902915114.587029,subscribers_baseline,800000,440.75,381.0,2378.643893233786
OneWeb,356600000.0,Low,278800000,High,1788720401.4788077,subscribers_baseline,800000,445.75,348.5,2235.9005018485095
OneWeb,356600000.0,Low,288800000,High,1834179906.5204315,subscribers_baseline,800000,445.75,361.0,2292.7248831505394
OneWeb,356600000.0,Low,298800000,High,1879639411.5620549,subscribers_baseline,800000,445.75,373.5,2349.5492644525684
OneWeb,356600000.0,Baseline,281800000,High,1802358252.9912944,subscribers_baseline,800000,445.75,352.25,2252.947816239118
OneWeb,356600000.0,Baseline,291800000,High,1847817758.0329185,subscribers_baseline,800000,445.75,364.75,2309.772197541148
OneWeb,356600000.0,Baseline,301800000,High,1893277263.074542,subscribers_baseline,800000,445.75,377.25,2366.5965788431777
OneWeb,356600000.0,High,284800000,High,1815996104.5037816,subscribers_baseline,800000,445.75,356.0,2269.995130629727
OneWeb,356600000.0,High,294800000,High,1861455609.5454051,subscribers_baseline,800000,445.75,368.5,2326.8195119317566
OneWeb,356600000.0,High,304800000,High,1906915114.587029,subscribers_baseline,800000,445.75,381.0,2383.643893233786
OneWeb,412272000.0,Low,278800000,High,1844392401.478808,subscribers_baseline,800000,515.34,348.5,2305.49050184851
OneWeb,412272000.0,Low,288800000,High,1889851906.5204315,subscribers_baseline,800000,515.34,361.0,2362.3148831505396
OneWeb,412272000.0,Low,298800000,High,1935311411.5620549,subscribers_baseline,800000,515.34,373.5,2419.1392644525686
OneWeb,412272000.0,Baseline,281800000,High,1858030252.9912944,subscribers_baseline,800000,515.34,352.25,2322.537816239118
OneWeb,412272000.0,Baseline,291800000,High,1903489758.0329185,subscribers_baseline,800000,515.34,364.75,2379.362197541148
OneWeb,412272000.0,Baseline,301800000,High,1948949263.074542,subscribers_baseline,800000,515.34,377.25,2436.1865788431774
OneWeb,412272000.0,High,284800000,High,1871668104.5037816,subscribers_baseline,800000,515.34,356.0,2339.585130629727
OneWeb,412272000.0,High,294800000,High,1917127609.5454051,subscribers_baseline,800000,515.34,368.5,2396.4095119317562
OneWeb,412272000.0,High,304800000,High,1962587114.587029,subscribers_baseline,800000,515.34,381.0,2453.233893233786
OneWeb,416272000.0,Low,278800000,High,1848392401.478808,subscribers_baseline,800000,520.34,348.5,2310.49050184851
OneWeb,416272000.0,Low,288800000,High,1893851906.5204315,subscribers_baseline,800000,520.34,361.0,2367.3148831505396
OneWeb,416272000.0,Low,298800000,High,1939311411.5620549,subscribers_baseline,800000,520.34,373.5,2424.1392644525686
OneWeb,416272000.0,Baseline,281800000,High,1862030252.9912944,subscribers_baseline,800000,520.34,352.25,2327.537816239118
OneWeb,416272000.0,Baseline,291800000,High,1907489758.0329185,subscribers_baseline,800000,520.34,364.75,2384.362197541148
OneWeb,416272000.0,Baseline,301800000,High,1952949263.074542,subscribers_baseline,800000,520.34,377.25,2441.1865788431774
OneWeb,416272000.0,High,284800000,High,1875668104.5037816,subscribers_baseline,800000,520.34,356.0,2344.585130629727
OneWeb,416272000.0,High,294800000,High,1921127609.5454051,subscribers_baseline,800000,520.34,368.5,2401.4095119317562
OneWeb,416272000.0,High,304800000,High,1966587114.587029,subscribers_baseline,800000,520.34,381.0,2458.233893233786
OneWeb,420272000.0,Low,278800000,High,1852392401.478808,subscribers_baseline,800000,525.34,348.5,2315.49050184851
OneWeb,420272000.0,Low,288800000,High,1897851906.5204315,subscribers_baseline,800000,525.34,361.0,2372.3148831505396
OneWeb,420272000.0,Low,298800000,High,1943311411.5620549,subscribers_baseline,800000,525.34,373.5,2429.1392644525686
OneWeb,420272000.0,Baseline,281800000,High,1866030252.9912944,subscribers_baseline,800000,525.34,352.25,2332.537816239118
OneWeb,420272000.0,Baseline,291800000,High,1911489758.0329185,subscribers_baseline,800000,525.34,364.75,2389.362197541148
OneWeb,420272000.0,Baseline,301800000,High,1956949263.074542,subscribers_baseline,800000,525.34,377.25,2446.1865788431774
OneWeb,420272000.0,High,284800000,High,1879668104.5037816,subscribers_baseline,800000,525.34,356.0,2349.585130629727
OneWeb,420272000.0,High,294800000,High,1925127609.5454051,subscribers_baseline,800000,525.34,368.5,2406.4095119317562
OneWeb,420272000.0,High,304800000,High,1970587114.587029,subscribers_baseline,800000,525.34,381.0,2463.233893233786
Kuiper,325328000.0,Low,339500000,Low,2037110845.1108327,subscribers_baseline,2500000,130.1312,135.8,814.8443380443331
Kuiper,325328000.0,Low,349500000,Low,2082570350.152457,subscribers_baseline,2500000,130.1312,139.8,833.0281400609828
Kuiper,325328000.0,Low,359500000,Low,2128029855.1940804,subscribers_baseline,2500000,130.1312,143.8,851.2119420776321
Kuiper,325328000.0,Baseline,342500000,Low,2050748696.6233203,subscribers_baseline,2500000,130.1312,137.0,820.2994786493281
Kuiper,325328000.0,Baseline,352500000,Low,2096208201.664944,subscribers_baseline,2500000,130.1312,141.0,838.4832806659775
Kuiper,325328000.0,Baseline,362500000,Low,2141667706.706568,subscribers_baseline,2500000,130.1312,145.0,856.6670826826272
Kuiper,325328000.0,High,345500000,Low,2064386548.1358075,subscribers_baseline,2500000,130.1312,138.2,825.754619254323
Kuiper,325328000.0,High,355500000,Low,2109846053.177431,subscribers_baseline,2500000,130.1312,142.2,843.9384212709724
Kuiper,325328000.0,High,365500000,Low,2155305558.2190547,subscribers_baseline,2500000,130.1312,146.2,862.1222232876219
Kuiper,331928000.0,Low,339500000,High,2043710845.1108327,subscribers_baseline,2500000,132.7712,135.8,817.4843380443331
Kuiper,331928000.0,Low,349500000,High,2089170350.152457,subscribers_baseline,2500000,132.7712,139.8,835.6681400609828
Kuiper,331928000.0,Low,359500000,High,2134629855.1940804,subscribers_baseline,2500000,132.7712,143.8,853.8519420776321
Kuiper,331928000.0,Baseline,342500000,High,2057348696.6233203,subscribers_baseline,2500000,132.7712,137.0,822.9394786493282
Kuiper,331928000.0,Baseline,352500000,High,2102808201.664944,subscribers_baseline,2500000,132.7712,141.0,841.1232806659775
Kuiper,331928000.0,Baseline,362500000,High,2148267706.706568,subscribers_baseline,2500000,132.7712,145.0,859.3070826826271
Kuiper,331928000.0,High,345500000,High,2070986548.1358075,subscribers_baseline,2500000,132.7712,138.2,828.3946192543231
Kuiper,331928000.0,High,355500000,High,2116446053.177431,subscribers_baseline,2500000,132.7712,142.2,846.5784212709724
Kuiper,331928000.0,High,365500000,High,2161905558.2190547,subscribers_baseline,2500000,132.7712,146.2,864.7622232876219
Kuiper,338528000.0,Low,339500000,High,2050310845.1108327,subscribers_baseline,2500000,135.4112,135.8,820.1243380443331
Kuiper,338528000.0,Low,349500000,High,2095770350.152457,subscribers_baseline,2500000,135.4112,139.8,838.3081400609829
Kuiper,338528000.0,Low,359500000,High,2141229855.1940804,subscribers_baseline,2500000,135.4112,143.8,856.4919420776322
Kuiper,338528000.0,Baseline,342500000,High,2063948696.6233203,subscribers_baseline,2500000,135.4112,137.0,825.5794786493282
Kuiper,338528000.0,Baseline,352500000,High,2109408201.664944,subscribers_baseline,2500000,135.4112,141.0,843.7632806659776
Kuiper,338528000.0,Baseline,362500000,High,2154867706.706568,subscribers_baseline,2500000,135.4112,145.0,861.9470826826271
Kuiper,338528000.0,High,345500000,High,2077586548.1358075,subscribers_baseline,2500000,135.4112,138.2,831.034619254323
Kuiper,338528000.0,High,355500000,High,2123046053.177431,subscribers_baseline,2500000,135.4112,142.2,849.2184212709725
Kuiper,338528000.0,High,365500000,High,2168505558.2190547,subscribers_baseline,2500000,135.4112,146.2,867.4022232876218
Kuiper,389000000.0,Low,339500000,High,2100782845.1108327,subscribers_baseline,2500000,155.6,135.8,840.3131380443331
Kuiper,389000000.0,Low,349500000,High,2146242350.152457,subscribers_baseline,2500000,155.6,139.8,858.4969400609828
Kuiper,389000000.0,Low,359500000,High,2191701855.1940804,subscribers_baseline,2500000,155.6,143.8,876.6807420776321
Kuiper,389000000.0,Baseline,342500000,High,2114420696.6233203,subscribers_baseline,2500000,155.6,137.0,845.7682786493282
Kuiper,389000000.0,Baseline,352500000,High,2159880201.664944,subscribers_baseline,2500000,155.6,141.0,863.9520806659776
Kuiper,389000000.0,Baseline,362500000,High,2205339706.706568,subscribers_baseline,2500000,155.6,145.0,882.1358826826271
Kuiper,389000000.0,High,345500000,High,2128058548.1358075,subscribers_baseline,2500000,155.6,138.2,851.2234192543231
Kuiper,389000000.0,High,355500000,High,2173518053.177431,subscribers_baseline,2500000,155.6,142.2,869.4072212709724
Kuiper,389000000.0,High,365500000,High,2218977558.2190547,subscribers_baseline,2500000,155.6,146.2,887.5910232876219
Kuiper,395600000.0,Low,339500000,Baseline,2107382845.1108327,subscribers_baseline,2500000,158.24,135.8,842.9531380443331
Kuiper,395600000.0,Low,349500000,Baseline,2152842350.152457,subscribers_baseline,2500000,158.24,139.8,861.1369400609829
Kuiper,395600000.0,Low,359500000,Baseline,2198301855.1940804,subscribers_baseline,2500000,158.24,143.8,879.3207420776322
Kuiper,395600000.0,Baseline,342500000,Baseline,2121020696.6233203,subscribers_baseline,2500000,158.24,137.0,848.4082786493282
Kuiper,395600000.0,Baseline,352500000,Baseline,2166480201.664944,subscribers_baseline,2500000,158.24,141.0,866.5920806659776
Kuiper,395600000.0,Baseline,362500000,Baseline,2211939706.706568,subscribers_baseline,2500000,158.24,145.0,884.7758826826271
Kuiper,395600000.0,High,345500000,Baseline,2134658548.1358075,subscribers_baseline,2500000,158.24,138.2,853.863419254323
Kuiper,395600000.0,High,355500000,Baseline,2180118053.177431,subscribers_baseline,2500000,158.24,142.2,872.0472212709724
Kuiper,395600000.0,High,365500000,Baseline,2225577558.2190547,subscribers_baseline,2500000,158.24,146.2,890.2310232876218
Kuiper,402200000.0,Low,339500000,High,2113982845.1108327,subscribers_baseline,2500000,160.88,135.8,845.593138044333
Kuiper,402200000.0,Low,349500000,High,2159442350.152457,subscribers_baseline,2500000,160.88,139.8,863.7769400609828
Kuiper,402200000.0,Low,359500000,High,2204901855.1940804,subscribers_baseline,2500000,160.88,143.8,881.9607420776322
Kuiper,402200000.0,Baseline,342500000,High,2127620696.6233203,subscribers_baseline,2500000,160.88,137.0,851.0482786493282
Kuiper,402200000.0,Baseline,352500000,High,2173080201.664944,subscribers_baseline,2500000,160.88,141.0,869.2320806659777
Kuiper,402200000.0,Baseline,362500000,High,2218539706.706568,subscribers_baseline,2500000,160.88,145.0,887.4158826826271
Kuiper,402200000.0,High,345500000,High,2141258548.1358075,subscribers_baseline,2500000,160.88,138.2,856.503419254323
Kuiper,402200000.0,High,355500000,High,2186718053.177431,subscribers_baseline,2500000,160.88,142.2,874.6872212709725
Kuiper,402200000.0,High,365500000,High,2232177558.2190547,subscribers_baseline,2500000,160.88,146.2,892.8710232876218
Kuiper,452672000.0,Low,339500000,High,2164454845.110833,subscribers_baseline,2500000,181.0688,135.8,865.7819380443333
Kuiper,452672000.0,Low,349500000,High,2209914350.152457,subscribers_baseline,2500000,181.0688,139.8,883.9657400609829
Kuiper,452672000.0,Low,359500000,High,2255373855.1940804,subscribers_baseline,2500000,181.0688,143.8,902.1495420776322
Kuiper,452672000.0,Baseline,342500000,High,2178092696.6233206,subscribers_baseline,2500000,181.0688,137.0,871.2370786493283
Kuiper,452672000.0,Baseline,352500000,High,2223552201.664944,subscribers_baseline,2500000,181.0688,141.0,889.4208806659776
Kuiper,452672000.0,Baseline,362500000,High,2269011706.706568,subscribers_baseline,2500000,181.0688,145.0,907.6046826826271
Kuiper,452672000.0,High,345500000,High,2191730548.1358075,subscribers_baseline,2500000,181.0688,138.2,876.692219254323
Kuiper,452672000.0,High,355500000,High,2237190053.177431,subscribers_baseline,2500000,181.0688,142.2,894.8760212709724
Kuiper,452672000.0,High,365500000,High,2282649558.2190547,subscribers_baseline,2500000,181.0688,146.2,913.0598232876218
Kuiper,459272000.0,Low,339500000,High,2171054845.110833,subscribers_baseline,2500000,183.7088,135.8,868.4219380443333
Kuiper,459272000.0,Low,349500000,High,2216514350.152457,subscribers_baseline,2500000,183.7088,139.8,886.6057400609828
Kuiper,459272000.0,Low,359500000,High,2261973855.1940804,subscribers_baseline,2500000,183.7088,143.8,904.7895420776322
Kuiper,459272000.0,Baseline,342500000,High,2184692696.6233206,subscribers_baseline,2500000,183.7088,137.0,873.8770786493283
Kuiper,459272000.0,Baseline,352500000,High,2230152201.664944,subscribers_baseline,2500000,183.7088,141.0,892.0608806659777
Kuiper,459272000.0,Baseline,362500000,High,2275611706.706568,subscribers_baseline,2500000,183.7088,145.0,910.2446826826271
Kuiper,459272000.0,High,345500000,High,2198330548.1358075,subscribers_baseline,2500000,183.7088,138.2,879.332219254323
Kuiper,459272000.0,High,355500000,High,2243790053.177431,subscribers_baseline,2500000,183.7088,142.2,897.5160212709725
Kuiper,459272000.0,High,365500000,High,2289249558.2190547,subscribers_baseline,2500000,183.7088,146.2,915.6998232876218
Kuiper,465872000.0,Low,339500000,High,2177654845.110833,subscribers_baseline,2500000,186.3488,135.8,871.0619380443333
Kuiper,465872000.0,Low,349500000,High,2223114350.152457,subscribers_baseline,2500000,186.3488,139.8,889.2457400609829
Kuiper,465872000.0,Low,359500000,High,2268573855.1940804,subscribers_baseline,2500000,186.3488,143.8,907.4295420776322
Kuiper,465872000.0,Baseline,342500000,High,2191292696.6233206,subscribers_baseline,2500000,186.3488,137.0,876.5170786493283
Kuiper,465872000.0,Baseline,352500000,High,2236752201.664944,subscribers_baseline,2500000,186.3488,141.0,894.7008806659777
Kuiper,465872000.0,Baseline,362500000,High,2282211706.706568,subscribers_baseline,2500000,186.3488,145.0,912.8846826826272
Kuiper,465872000.0,High,345500000,High,2204930548.1358075,subscribers_baseline,2500000,186.3488,138.2,881.972219254323
Kuiper,465872000.0,High,355500000,High,2250390053.177431,subscribers_baseline,2500000,186.3488,142.2,900.1560212709725
Kuiper,465872000.0,High,365500000,High,2295849558.2190547,subscribers_baseline,2500000,186.3488,146.2,918.3398232876219
Starlink,401386000.0,Low,379800000,Low,2292647402.399206,subscribers_high,4500000,89.19688888888889,84.4,509.4772005331569
Starlink,401386000.0,Low,389800000,Low,2338106907.4408293,subscribers_high,4500000,89.19688888888889,86.62222222222222,519.5793127646288
Starlink,401386000.0,Low,399800000,Low,2383566412.4824533,subscribers_high,4500000,89.19688888888889,88.84444444444445,529.6814249961008
Starlink,401386000.0,Baseline,382800000,Low,2306285253.911693,subscribers_high,4500000,89.19688888888889,85.06666666666666,512.5078342025985
Starlink,401386000.0,Baseline,392800000,Low,2351744758.9533167,subscribers_high,4500000,89.19688888888889,87.28888888888889,522.6099464340704
Starlink,401386000.0,Baseline,402800000,Low,2397204263.9949403,subscribers_high,4500000,89.19688888888889,89.5111111111111,532.7120586655423
Starlink,401386000.0,High,385800000,Low,2319923105.42418,subscribers_high,4500000,89.19688888888889,85.73333333333333,515.53846787204
Starlink,401386000.0,High,395800000,Low,2365382610.465804,subscribers_high,4500000,89.19688888888889,87.95555555555555,525.640580103512
Starlink,401386000.0,High,405800000,Low,2410842115.507427,subscribers_high,4500000,89.19688888888889,90.17777777777778,535.7426923349839
Starlink,411158000.0,Low,379800000,High,2302419402.399206,subscribers_high,4500000,91.36844444444445,84.4,511.6487560887125
Starlink,411158000.0,Low,389800000,High,2347878907.4408293,subscribers_high,4500000,91.36844444444445,86.62222222222222,521.7508683201843
Starlink,411158000.0,Low,399800000,High,2393338412.4824533,subscribers_high,4500000,91.36844444444445,88.84444444444445,531.8529805516563
Starlink,411158000.0,Baseline,382800000,High,2316057253.911693,subscribers_high,4500000,91.36844444444445,85.06666666666666,514.679389758154
Starlink,411158000.0,Baseline,392800000,High,2361516758.9533167,subscribers_high,4500000,91.36844444444445,87.28888888888889,524.7815019896259
Starlink,411158000.0,Baseline,402800000,High,2406976263.9949403,subscribers_high,4500000,91.36844444444445,89.5111111111111,534.8836142210978
Starlink,411158000.0,High,385800000,High,2329695105.42418,subscribers_high,4500000,91.36844444444445,85.73333333333333,517.7100234275956
Starlink,411158000.0,High,395800000,High,2375154610.465804,subscribers_high,4500000,91.36844444444445,87.95555555555555,527.8121356590676
Starlink,411158000.0,High,405800000,High,2420614115.507427,subscribers_high,4500000,91.36844444444445,90.17777777777778,537.9142478905394
Starlink,420930000.0,Low,379800000,High,2312191402.399206,subscribers_high,4500000,93.54,84.4,513.820311644268
Starlink,420930000.0,Low,389800000,High,2357650907.4408293,subscribers_high,4500000,93.54,86.62222222222222,523.9224238757398
Starlink,420930000.0,Low,399800000,High,2403110412.4824533,subscribers_high,4500000,93.54,88.84444444444445,534.0245361072118
Starlink,420930000.0,Baseline,382800000,High,2325829253.911693,subscribers_high,4500000,93.54,85.06666666666666,516.8509453137095
Starlink,420930000.0,Baseline,392800000,High,2371288758.9533167,subscribers_high,4500000,93.54,87.28888888888889,526.9530575451815
Starlink,420930000.0,Baseline,402800000,High,2416748263.9949403,subscribers_high,4500000,93.54,89.5111111111111,537.0551697766534
Starlink,420930000.0,High,385800000,High,2339467105.42418,subscribers_high,4500000,93.54,85.73333333333333,519.8815789831511
Starlink,420930000.0,High,395800000,High,2384926610.465804,subscribers_high,4500000,93.54,87.95555555555555,529.9836912146231
Starlink,420930000.0,High,405800000,High,2430386115.507427,subscribers_high,4500000,93.54,90.17777777777778,540.0858034460949
Starlink,465058000.0,Low,379800000,High,2356319402.399206,subscribers_high,4500000,103.34622222222222,84.4,523.6265338664903
Starlink,465058000.0,Low,389800000,High,2401778907.4408293,subscribers_high,4500000,103.34622222222222,86.62222222222222,533.728646097962
Starlink,465058000.0,Low,399800000,High,2447238412.4824533,subscribers_high,4500000,103.34622222222222,88.84444444444445,543.830758329434
Starlink,465058000.0,Baseline,382800000,High,2369957253.911693,subscribers_high,4500000,103.34622222222222,85.06666666666666,526.6571675359318
Starlink,465058000.0,Baseline,392800000,High,2415416758.9533167,subscribers_high,4500000,103.34622222222222,87.28888888888889,536.7592797674037
Starlink,465058000.0,Baseline,402800000,High,2460876263.9949403,subscribers_high,4500000,103.34622222222222,89.5111111111111,546.8613919988757
Starlink,465058000.0,High,385800000,High,2383595105.42418,subscribers_high,4500000,103.34622222222222,85.73333333333333,529.6878012053734
Starlink,465058000.0,High,395800000,High,2429054610.465804,subscribers_high,4500000,103.34622222222222,87.95555555555555,539.7899134368454
Starlink,465058000.0,High,405800000,High,2474514115.507427,subscribers_high,4500000,103.34622222222222,90.17777777777778,549.8920256683172
Starlink,474830000.0,Low,379800000,Baseline,2366091402.399206,subscribers_high,4500000,105.51777777777778,84.4,525.7980894220458
Starlink,474830000.0,Low,389800000,Baseline,2411550907.4408293,subscribers_high,4500000,105.51777777777778,86.62222222222222,535.9002016535176
Starlink,474830000.0,Low,399800000,Baseline,2457010412.4824533,subscribers_high,4500000,105.51777777777778,88.84444444444445,546.0023138849896
Starlink,474830000.0,Baseline,382800000,Baseline,2379729253.911693,subscribers_high,4500000,105.51777777777778,85.06666666666666,528.8287230914874
Starlink,474830000.0,Baseline,392800000,Baseline,2425188758.9533167,subscribers_high,4500000,105.51777777777778,87.28888888888889,538.9308353229593
Starlink,474830000.0,Baseline,402800000,Baseline,2470648263.9949403,subscribers_high,4500000,105.51777777777778,89.5111111111111,549.0329475544312
Starlink,474830000.0,High,385800000,Baseline,2393367105.42418,subscribers_high,4500000,105.51777777777778,85.73333333333333,531.8593567609289
Starlink,474830000.0,High,395800000,Baseline,2438826610.465804,subscribers_high,4500000,105.51777777777778,87.95555555555555,541.9614689924009
Starlink,474830000.0,High,405800000,Baseline,2484286115.507427,subscribers_high,4500000,105.51777777777778,90.17777777777778,552.0635812238727
Starlink,484602000.0,Low,379800000,High,2375863402.399206,subscribers_high,4500000,107.68933333333334,84.4,527.9696449776013
Starlink,484602000.0,Low,389800000,High,2421322907.4408293,subscribers_high,4500000,107.68933333333334,86.62222222222222,538.0717572090732
Starlink,484602000.0,Low,399800000,High,2466782412.4824533,subscribers_high,4500000,107.68933333333334,88.84444444444445,548.1738694405452
Starlink,484602000.0,Baseline,382800000,High,2389501253.911693,subscribers_high,4500000,107.68933333333334,85.06666666666666,531.0002786470429
Starlink,484602000.0,Baseline,392800000,High,2434960758.9533167,subscribers_high,4500000,107.68933333333334,87.28888888888889,541.1023908785148
Starlink,484602000.0,Baseline,402800000,High,2480420263.9949403,subscribers_high,4500000,107.68933333333334,89.5111111111111,551.2045031099867
Starlink,484602000.0,High,385800000,High,2403139105.42418,subscribers_high,4500000,107.68933333333334,85.73333333333333,534.0309123164844
Starlink,484602000.0,High,395800000,High,2448598610.465804,subscribers_high,4500000,107.68933333333334,87.95555555555555,544.1330245479564
Starlink,484602000.0,High,405800000,High,2494058115.507427,subscribers_high,4500000,107.68933333333334,90.17777777777778,554.2351367794282
Starlink,528730000.0,Low,379800000,High,2419991402.399206,subscribers_high,4500000,117.49555555555555,84.4,537.7758671998236
Starlink,528730000.0,Low,389800000,High,2465450907.4408293,subscribers_high,4500000,117.49555555555555,86.62222222222222,547.8779794312954
Starlink,528730000.0,Low,399800000,High,2510910412.4824533,subscribers_high,4500000,117.49555555555555,88.84444444444445,557.9800916627674
Starlink,528730000.0,Baseline,382800000,High,2433629253.911693,subscribers_high,4500000,117.49555555555555,85.06666666666666,540.8065008692652
Starlink,528730000.0,Baseline,392800000,High,2479088758.9533167,subscribers_high,4500000,117.49555555555555,87.28888888888889,550.908613100737
Starlink,528730000.0,Baseline,402800000,High,2524548263.9949403,subscribers_high,4500000,117.49555555555555,89.5111111111111,561.010725332209
Starlink,528730000.0,High,385800000,High,2447267105.42418,subscribers_high,4500000,117.49555555555555,85.73333333333333,543.8371345387067
Starlink,528730000.0,High,395800000,High,2492726610.465804,subscribers_high,4500000,117.49555555555555,87.95555555555555,553.9392467701787
Starlink,528730000.0,High,405800000,High,2538186115.507427,subscribers_high,4500000,117.49555555555555,90.17777777777778,564.0413590016504
Starlink,538502000.0,Low,379800000,High,2429763402.399206,subscribers_high,4500000,119.66711111111111,84.4,539.9474227553792
Starlink,538502000.0,Low,389800000,High,2475222907.4408293,subscribers_high,4500000,119.66711111111111,86.62222222222222,550.049534986851
Starlink,538502000.0,Low,399800000,High,2520682412.4824533,subscribers_high,4500000,119.66711111111111,88.84444444444445,560.151647218323
Starlink,538502000.0,Baseline,382800000,High,2443401253.911693,subscribers_high,4500000,119.66711111111111,85.06666666666666,542.9780564248207
Starlink,538502000.0,Baseline,392800000,High,2488860758.9533167,subscribers_high,4500000,119.66711111111111,87.28888888888889,553.0801686562926
Starlink,538502000.0,Baseline,402800000,High,2534320263.9949403,subscribers_high,4500000,119.66711111111111,89.5111111111111,563.1822808877645
Starlink,538502000.0,High,385800000,High,2457039105.42418,subscribers_high,4500000,119.66711111111111,85.73333333333333,546.0086900942622
Starlink,538502000.0,High,395800000,High,2502498610.465804,subscribers_high,4500000,119.66711111111111,87.95555555555555,556.1108023257342
Starlink,538502000.0,High,405800000,High,2547958115.507427,subscribers_high,4500000,119.66711111111111,90.17777777777778,566.2129145572061
Starlink,548274000.0,Low,379800000,High,2439535402.399206,subscribers_high,4500000,121.83866666666667,84.4,542.1189783109347
Starlink,548274000.0,Low,389800000,High,2484994907.4408293,subscribers_high,4500000,121.83866666666667,86.62222222222222,552.2210905424065
Starlink,548274000.0,Low,399800000,High,2530454412.4824533,subscribers_high,4500000,121.83866666666667,88.84444444444445,562.3232027738785
Starlink,548274000.0,Baseline,382800000,High,2453173253.911693,subscribers_high,4500000,121.83866666666667,85.06666666666666,545.1496119803762
Starlink,548274000.0,Baseline,392800000,High,2498632758.9533167,subscribers_high,4500000,121.83866666666667,87.28888888888889,555.2517242118481
Starlink,548274000.0,Baseline,402800000,High,2544092263.9949403,subscribers_high,4500000,121.83866666666667,89.5111111111111,565.35383644332
Starlink,548274000.0,High,385800000,High,2466811105.42418,subscribers_high,4500000,121.83866666666667,85.73333333333333,548.1802456498178
Starlink,548274000.0,High,395800000,High,2512270610.465804,subscribers_high,4500000,121.83866666666667,87.95555555555555,558.2823578812898
Starlink,548274000.0,High,405800000,High,2557730115.507427,subscribers_high,4500000,121.83866666666667,90.17777777777778,568.3844701127616
OneWeb,284928000.0,Low,278800000,Low,1717048401.4788077,subscribers_high,1000000,284.928,278.8,1717.0484014788076
OneWeb,284928000.0,Low,288800000,Low,1762507906.5204313,subscribers_high,1000000,284.928,288.8,1762.5079065204313
OneWeb,284928000.0,Low,298800000,Low,1807967411.5620549,subscribers_high,1000000,284.928,298.8,1807.9674115620548
OneWeb,284928000.0,Baseline,281800000,Low,1730686252.9912946,subscribers_high,1000000,284.928,281.8,1730.6862529912946
OneWeb,284928000.0,Baseline,291800000,Low,1776145758.0329182,subscribers_high,1000000,284.928,291.8,1776.1457580329181
OneWeb,284928000.0,Baseline,301800000,Low,1821605263.074542,subscribers_high,1000000,284.928,301.8,1821.605263074542
OneWeb,284928000.0,High,284800000,Low,1744324104.5037818,subscribers_high,1000000,284.928,284.8,1744.3241045037819
OneWeb,284928000.0,High,294800000,Low,1789783609.5454054,subscribers_high,1000000,284.928,294.8,1789.7836095454054
OneWeb,284928000.0,High,304800000,Low,1835243114.587029,subscribers_high,1000000,284.928,304.8,1835.243114587029
OneWeb,288928000.0,Low,278800000,High,1721048401.4788077,subscribers_high,1000000,288.928,278.8,1721.0484014788076
OneWeb,288928000.0,Low,288800000,High,1766507906.5204313,subscribers_high,1000000,288.928,288.8,1766.5079065204313
OneWeb,288928000.0,Low,298800000,High,1811967411.5620549,subscribers_high,1000000,288.928,298.8,1811.9674115620548
OneWeb,288928000.0,Baseline,281800000,High,1734686252.9912946,subscribers_high,1000000,288.928,281.8,1734.6862529912946
OneWeb,288928000.0,Baseline,291800000,High,1780145758.0329182,subscribers_high,1000000,288.928,291.8,1780.1457580329181
OneWeb,288928000.0,Baseline,301800000,High,1825605263.074542,subscribers_high,1000000,288.928,301.8,1825.605263074542
OneWeb,288928000.0,High,284800000,High,1748324104.5037818,subscribers_high,1000000,288.928,284.8,1748.3241045037819
OneWeb,288928000.0,High,294800000,High,1793783609.5454054,subscribers_high,1000000,288.928,294.8,1793.7836095454054
OneWeb,288928000.0,High,304800000,High,1839243114.587029,subscribers_high,1000000,288.928,304.8,1839.243114587029
OneWeb,292928000.0,Low,278800000,High,1725048401.4788077,subscribers_high,1000000,292.928,278.8,1725.0484014788076
OneWeb,292928000.0,Low,288800000,High,1770507906.5204313,subscribers_high,1000000,292.928,288.8,1770.5079065204313
OneWeb,292928000.0,Low,298800000,High,1815967411.5620549,subscribers_high,1000000,292.928,298.8,1815.9674115620548
OneWeb,292928000.0,Baseline,281800000,High,1738686252.9912946,subscribers_high,1000000,292.928,281.8,1738.6862529912946
OneWeb,292928000.0,Baseline,291800000,High,1784145758.0329182,subscribers_high,1000000,292.928,291.8,1784.1457580329181
OneWeb,292928000.0,Baseline,301800000,High,1829605263.074542,subscribers_high,1000000,292.928,301.8,1829.605263074542
OneWeb,292928000.0,High,284800000,High,1752324104.5037818,subscribers_high,1000000,292.928,284.8,1752.3241045037819
OneWeb,292928000.0,High,294800000,High,1797783609.5454054,subscribers_high,1000000,292.928,294.8,1797.7836095454054
OneWeb,292928000.0,High,304800000,High,1843243114.587029,subscribers_high,1000000,292.928,304.8,1843.243114587029
OneWeb,348600000.0,Low,278800000,High,1780720401.4788077,subscribers_high,1000000,348.6,278.8,1780.7204014788076
OneWeb,348600000.0,Low,288800000,High,1826179906.5204315,subscribers_high,1000000,348.6,288.8,1826.1799065204316
OneWeb,348600000.0,Low,298800000,High,1871639411.5620549,subscribers_high,1000000,348.6,298.8,1871.6394115620549
OneWeb,348600000.0,Baseline,281800000,High,1794358252.9912946,subscribers_high,1000000,348.6,281.8,1794.3582529912946
OneWeb,348600000.0,Baseline,291800000,High,1839817758.0329185,subscribers_high,1000000,348.6,291.8,1839.8177580329184
OneWeb,348600000.0,Baseline,301800000,High,1885277263.074542,subscribers_high,1000000,348.6,301.8,1885.2772630745421
OneWeb,348600000.0,High,284800000,High,1807996104.5037816,subscribers_high,1000000,348.6,284.8,1807.9961045037815
OneWeb,348600000.0,High,294800000,High,1853455609.5454051,subscribers_high,1000000,348.6,294.8,1853.4556095454052
OneWeb,348600000.0,High,304800000,High,1898915114.587029,subscribers_high,1000000,348.6,304.8,1898.915114587029
OneWeb,352600000.0,Low,278800000,Baseline,1784720401.4788077,subscribers_high,1000000,352.6,278.8,1784.7204014788076
OneWeb,352600000.0,Low,288800000,Baseline,1830179906.5204315,subscribers_high,1000000,352.6,288.8,1830.1799065204316
OneWeb,352600000.0,Low,298800000,Baseline,1875639411.5620549,subscribers_high,1000000,352.6,298.8,1875.6394115620549
OneWeb,352600000.0,Baseline,281800000,Baseline,1798358252.9912946,subscribers_high,1000000,352.6,281.8,1798.3582529912946
OneWeb,352600000.0,Baseline,291800000,Baseline,1843817758.0329185,subscribers_high,1000000,352.6,291.8,1843.8177580329184
OneWeb,352600000.0,Baseline,301800000,Baseline,1889277263.074542,subscribers_high,1000000,352.6,301.8,1889.2772630745421
OneWeb,352600000.0,High,284800000,Baseline,1811996104.5037816,subscribers_high,1000000,352.6,284.8,1811.9961045037815
OneWeb,352600000.0,High,294800000,Baseline,1857455609.5454051,subscribers_high,1000000,352.6,294.8,1857.4556095454052
OneWeb,352600000.0,High,304800000,Baseline,1902915114.587029,subscribers_high,1000000,352.6,304.8,1902.915114587029
OneWeb,356600000.0,Low,278800000,High,1788720401.4788077,subscribers_high,1000000,356.6,278.8,1788.7204014788076
OneWeb,356600000.0,Low,288800000,High,1834179906.5204315,subscribers_high,1000000,356.6,288.8,1834.1799065204316
OneWeb,356600000.0,Low,298800000,High,1879639411.5620549,subscribers_high,1000000,356.6,298.8,1879.6394115620549
OneWeb,356600000.0,Baseline,281800000,High,1802358252.9912944,subscribers_high,1000000,356.6,281.8,1802.3582529912944
OneWeb,356600000.0,Baseline,291800000,High,1847817758.0329185,subscribers_high,1000000,356.6,291.8,1847.8177580329184
OneWeb,356600000.0,Baseline,301800000,High,1893277263.074542,subscribers_high,1000000,356.6,301.8,1893.2772630745421
OneWeb,356600000.0,High,284800000,High,1815996104.5037816,subscribers_high,1000000,356.6,284.8,1815.9961045037815
OneWeb,356600000.0,High,294800000,High,1861455609.5454051,subscribers_high,1000000,356.6,294.8,1861.4556095454052
OneWeb,356600000.0,High,304800000,High,1906915114.587029,subscribers_high,1000000,356.6,304.8,1906.915114587029
OneWeb,412272000.0,Low,278800000,High,1844392401.478808,subscribers_high,1000000,412.272,278.8,1844.3924014788079
OneWeb,412272000.0,Low,288800000,High,1889851906.5204315,subscribers_high,1000000,412.272,288.8,1889.8519065204316
OneWeb,412272000.0,Low,298800000,High,1935311411.5620549,subscribers_high,1000000,412.272,298.8,1935.311411562055
OneWeb,412272000.0,Baseline,281800000,High,1858030252.9912944,subscribers_high,1000000,412.272,281.8,1858.0302529912944
OneWeb,412272000.0,Baseline,291800000,High,1903489758.0329185,subscribers_high,1000000,412.272,291.8,1903.4897580329184
OneWeb,412272000.0,Baseline,301800000,High,1948949263.074542,subscribers_high,1000000,412.272,301.8,1948.949263074542
OneWeb,412272000.0,High,284800000,High,1871668104.5037816,subscribers_high,1000000,412.272,284.8,1871.6681045037815
OneWeb,412272000.0,High,294800000,High,1917127609.5454051,subscribers_high,1000000,412.272,294.8,1917.1276095454052
OneWeb,412272000.0,High,304800000,High,1962587114.587029,subscribers_high,1000000,412.272,304.8,1962.587114587029
OneWeb,416272000.0,Low,278800000,High,1848392401.478808,subscribers_high,1000000,416.272,278.8,1848.3924014788079
OneWeb,416272000.0,Low,288800000,High,1893851906.5204315,subscribers_high,1000000,416.272,288.8,1893.8519065204316
OneWeb,416272000.0,Low,298800000,High,1939311411.5620549,subscribers_high,1000000,416.272,298.8,1939.311411562055
OneWeb,416272000.0,Baseline,281800000,High,1862030252.9912944,subscribers_high,1000000,416.272,281.8,1862.0302529912944
OneWeb,416272000.0,Baseline,291800000,High,1907489758.0329185,subscribers_high,1000000,416.272,291.8,1907.4897580329184
OneWeb,416272000.0,Baseline,301800000,High,1952949263.074542,subscribers_high,1000000,416.272,301.8,1952.949263074542
OneWeb,416272000.0,High,284800000,High,1875668104.5037816,subscribers_high,1000000,416.272,284.8,1875.6681045037815
OneWeb,416272000.0,High,294800000,High,1921127609.5454051,subscribers_high,1000000,416.272,294.8,1921.1276095454052
OneWeb,416272000.0,High,304800000,High,1966587114.587029,subscribers_high,1000000,416.272,304.8,1966.587114587029
OneWeb,420272000.0,Low,278800000,High,1852392401.478808,subscribers_high,1000000,420.272,278.8,1852.3924014788079
OneWeb,420272000.0,Low,288800000,High,1897851906.5204315,subscribers_high,1000000,420.272,288.8,1897.8519065204316
OneWeb,420272000.0,Low,298800000,High,1943311411.5620549,subscribers_high,1000000,420.272,298.8,1943.311411562055
OneWeb,420272000.0,Baseline,281800000,High,1866030252.9912944,subscribers_high,1000000,420.272,281.8,1866.0302529912944
OneWeb,420272000.0,Baseline,291800000,High,1911489758.0329185,subscribers_high,1000000,420.272,291.8,1911.4897580329184
OneWeb,420272000.0,Baseline,301800000,High,1956949263.074542,subscribers_high,1000000,420.272,301.8,1956.949263074542
OneWeb,420272000.0,High,284800000,High,1879668104.5037816,subscribers_high,1000000,420.272,284.8,1879.6681045037815
OneWeb,420272000.0,High,294800000,High,1925127609.5454051,subscribers_high,1000000,420.272,294.8,1925.1276095454052
OneWeb,420272000.0,High,304800000,High,1970587114.587029,subscribers_high,1000000,420.272,304.8,1970.587114587029
Kuiper,325328000.0,Low,339500000,Low,2037110845.1108327,subscribers_high,3500000,92.95085714285715,97.0,582.0316700316665
Kuiper,325328000.0,Low,349500000,Low,2082570350.152457,subscribers_high,3500000,92.95085714285715,99.85714285714286,595.0201000435592
Kuiper,325328000.0,Low,359500000,Low,2128029855.1940804,subscribers_high,3500000,92.95085714285715,102.71428571428571,608.0085300554515
Kuiper,325328000.0,Baseline,342500000,Low,2050748696.6233203,subscribers_high,3500000,92.95085714285715,97.85714285714286,585.9281990352343
Kuiper,325328000.0,Baseline,352500000,Low,2096208201.664944,subscribers_high,3500000,92.95085714285715,100.71428571428571,598.9166290471269
Kuiper,325328000.0,Baseline,362500000,Low,2141667706.706568,subscribers_high,3500000,92.95085714285715,103.57142857142857,611.9050590590194
Kuiper,325328000.0,High,345500000,Low,2064386548.1358075,subscribers_high,3500000,92.95085714285715,98.71428571428571,589.8247280388022
Kuiper,325328000.0,High,355500000,Low,2109846053.177431,subscribers_high,3500000,92.95085714285715,101.57142857142857,602.8131580506946
Kuiper,325328000.0,High,365500000,Low,2155305558.2190547,subscribers_high,3500000,92.95085714285715,104.42857142857143,615.801588062587
Kuiper,331928000.0,Low,339500000,High,2043710845.1108327,subscribers_high,3500000,94.83657142857143,97.0,583.9173843173808
Kuiper,331928000.0,Low,349500000,High,2089170350.152457,subscribers_high,3500000,94.83657142857143,99.85714285714286,596.9058143292734
Kuiper,331928000.0,Low,359500000,High,2134629855.1940804,subscribers_high,3500000,94.83657142857143,102.71428571428571,609.8942443411659
Kuiper,331928000.0,Baseline,342500000,High,2057348696.6233203,subscribers_high,3500000,94.83657142857143,97.85714285714286,587.8139133209487
Kuiper,331928000.0,Baseline,352500000,High,2102808201.664944,subscribers_high,3500000,94.83657142857143,100.71428571428571,600.8023433328411
Kuiper,331928000.0,Baseline,362500000,High,2148267706.706568,subscribers_high,3500000,94.83657142857143,103.57142857142857,613.7907733447337
Kuiper,331928000.0,High,345500000,High,2070986548.1358075,subscribers_high,3500000,94.83657142857143,98.71428571428571,591.7104423245164
Kuiper,331928000.0,High,355500000,High,2116446053.177431,subscribers_high,3500000,94.83657142857143,101.57142857142857,604.6988723364088
Kuiper,331928000.0,High,365500000,High,2161905558.2190547,subscribers_high,3500000,94.83657142857143,104.42857142857143,617.6873023483014
Kuiper,338528000.0,Low,339500000,High,2050310845.1108327,subscribers_high,3500000,96.72228571428572,97.0,585.803098603095
Kuiper,338528000.0,Low,349500000,High,2095770350.152457,subscribers_high,3500000,96.72228571428572,99.85714285714286,598.7915286149877
Kuiper,338528000.0,Low,359500000,High,2141229855.1940804,subscribers_high,3500000,96.72228571428572,102.71428571428571,611.7799586268801
Kuiper,338528000.0,Baseline,342500000,High,2063948696.6233203,subscribers_high,3500000,96.72228571428572,97.85714285714286,589.699627606663
Kuiper,338528000.0,Baseline,352500000,High,2109408201.664944,subscribers_high,3500000,96.72228571428572,100.71428571428571,602.6880576185554
Kuiper,338528000.0,Baseline,362500000,High,2154867706.706568,subscribers_high,3500000,96.72228571428572,103.57142857142857,615.6764876304479
Kuiper,338528000.0,High,345500000,High,2077586548.1358075,subscribers_high,3500000,96.72228571428572,98.71428571428571,593.5961566102308
Kuiper,338528000.0,High,355500000,High,2123046053.177431,subscribers_high,3500000,96.72228571428572,101.57142857142857,606.5845866221232
Kuiper,338528000.0,High,365500000,High,2168505558.2190547,subscribers_high,3500000,96.72228571428572,104.42857142857143,619.5730166340156
Kuiper,389000000.0,Low,339500000,High,2100782845.1108327,subscribers_high,3500000,111.14285714285714,97.0,600.2236700316665
Kuiper,389000000.0,Low,349500000,High,2146242350.152457,subscribers_high,3500000,111.14285714285714,99.85714285714286,613.2121000435592
Kuiper,389000000.0,Low,359500000,High,2191701855.1940804,subscribers_high,3500000,111.14285714285714,102.71428571428571,626.2005300554515
Kuiper,389000000.0,Baseline,342500000,High,2114420696.6233203,subscribers_high,3500000,111.14285714285714,97.85714285714286,604.1201990352344
Kuiper,389000000.0,Baseline,352500000,High,2159880201.664944,subscribers_high,3500000,111.14285714285714,100.71428571428571,617.1086290471269
Kuiper,389000000.0,Baseline,362500000,High,2205339706.706568,subscribers_high,3500000,111.14285714285714,103.57142857142857,630.0970590590193
Kuiper,389000000.0,High,345500000,High,2128058548.1358075,subscribers_high,3500000,111.14285714285714,98.71428571428571,608.0167280388022
Kuiper,389000000.0,High,355500000,High,2173518053.177431,subscribers_high,3500000,111.14285714285714,101.57142857142857,621.0051580506946
Kuiper,389000000.0,High,365500000,High,2218977558.2190547,subscribers_high,3500000,111.14285714285714,104.42857142857143,633.993588062587
Kuiper,395600000.0,Low,339500000,Baseline,2107382845.1108327,subscribers_high,3500000,113.02857142857142,97.0,602.1093843173808
Kuiper,395600000.0,Low,349500000,Baseline,2152842350.152457,subscribers_high,3500000,113.02857142857142,99.85714285714286,615.0978143292735
Kuiper,395600000.0,Low,359500000,Baseline,2198301855.1940804,subscribers_high,3500000,113.02857142857142,102.71428571428571,628.0862443411659
Kuiper,395600000.0,Baseline,342500000,Baseline,2121020696.6233203,subscribers_high,3500000,113.02857142857142,97.85714285714286,606.0059133209487
Kuiper,395600000.0,Baseline,352500000,Baseline,2166480201.664944,subscribers_high,3500000,113.02857142857142,100.71428571428571,618.9943433328411
Kuiper,395600000.0,Baseline,362500000,Baseline,2211939706.706568,subscribers_high,3500000,113.02857142857142,103.57142857142857,631.9827733447337
Kuiper,395600000.0,High,345500000,Baseline,2134658548.1358075,subscribers_high,3500000,113.02857142857142,98.71428571428571,609.9024423245164
Kuiper,395600000.0,High,355500000,Baseline,2180118053.177431,subscribers_high,3500000,113.02857142857142,101.57142857142857,622.8908723364088
Kuiper,395600000.0,High,365500000,Baseline,2225577558.2190547,subscribers_high,3500000,113.02857142857142,104.42857142857143,635.8793023483014
Kuiper,402200000.0,Low,339500000,High,2113982845.1108327,subscribers_high,3500000,114.91428571428571,97.0,603.995098603095
Kuiper,402200000.0,Low,349500000,High,2159442350.152457,subscribers_high,3500000,114.91428571428571,99.85714285714286,616.9835286149878
Kuiper,402200000.0,Low,359500000,High,2204901855.1940804,subscribers_high,3500000,114.91428571428571,102.71428571428571,629.9719586268801
Kuiper,402200000.0,Baseline,342500000,High,2127620696.6233203,subscribers_high,3500000,114.91428571428571,97.85714285714286,607.891627606663
Kuiper,402200000.0,Baseline,352500000,High,2173080201.664944,subscribers_high,3500000,114.91428571428571,100.71428571428571,620.8800576185555
Kuiper,402200000.0,Baseline,362500000,High,2218539706.706568,subscribers_high,3500000,114.91428571428571,103.57142857142857,633.8684876304479
Kuiper,402200000.0,High,345500000,High,2141258548.1358075,subscribers_high,3500000,114.91428571428571,98.71428571428571,611.7881566102308
Kuiper,402200000.0,High,355500000,High,2186718053.177431,subscribers_high,3500000,114.91428571428571,101.57142857142857,624.7765866221232
Kuiper,402200000.0,High,365500000,High,2232177558.2190547,subscribers_high,3500000,114.91428571428571,104.42857142857143,637.7650166340156
Kuiper,452672000.0,Low,339500000,High,2164454845.110833,subscribers_high,3500000,129.33485714285715,97.0,618.4156700316667
Kuiper,452672000.0,Low,349500000,High,2209914350.152457,subscribers_high,3500000,129.33485714285715,99.85714285714286,631.4041000435592
Kuiper,452672000.0,Low,359500000,High,2255373855.1940804,subscribers_high,3500000,129.33485714285715,102.71428571428571,644.3925300554515
Kuiper,452672000.0,Baseline,342500000,High,2178092696.6233206,subscribers_high,3500000,129.33485714285715,97.85714285714286,622.3121990352345
Kuiper,452672000.0,Baseline,352500000,High,2223552201.664944,subscribers_high,3500000,129.33485714285715,100.71428571428571,635.3006290471269
Kuiper,452672000.0,Baseline,362500000,High,2269011706.706568,subscribers_high,3500000,129.33485714285715,103.57142857142857,648.2890590590193
Kuiper,452672000.0,High,345500000,High,2191730548.1358075,subscribers_high,3500000,129.33485714285715,98.71428571428571,626.2087280388022
Kuiper,452672000.0,High,355500000,High,2237190053.177431,subscribers_high,3500000,129.33485714285715,101.57142857142857,639.1971580506946
Kuiper,452672000.0,High,365500000,High,2282649558.2190547,subscribers_high,3500000,129.33485714285715,104.42857142857143,652.185588062587
Kuiper,459272000.0,Low,339500000,High,2171054845.110833,subscribers_high,3500000,131.22057142857142,97.0,620.3013843173809
Kuiper,459272000.0,Low,349500000,High,2216514350.152457,subscribers_high,3500000,131.22057142857142,99.85714285714286,633.2898143292734
Kuiper,459272000.0,Low,359500000,High,2261973855.1940804,subscribers_high,3500000,131.22057142857142,102.71428571428571,646.2782443411658
Kuiper,459272000.0,Baseline,342500000,High,2184692696.6233206,subscribers_high,3500000,131.22057142857142,97.85714285714286,624.1979133209487
Kuiper,459272000.0,Baseline,352500000,High,2230152201.664944,subscribers_high,3500000,131.22057142857142,100.71428571428571,637.1863433328411
Kuiper,459272000.0,Baseline,362500000,High,2275611706.706568,subscribers_high,3500000,131.22057142857142,103.57142857142857,650.1747733447337
Kuiper,459272000.0,High,345500000,High,2198330548.1358075,subscribers_high,3500000,131.22057142857142,98.71428571428571,628.0944423245164
Kuiper,459272000.0,High,355500000,High,2243790053.177431,subscribers_high,3500000,131.22057142857142,101.57142857142857,641.0828723364089
Kuiper,459272000.0,High,365500000,High,2289249558.2190547,subscribers_high,3500000,131.22057142857142,104.42857142857143,654.0713023483013
Kuiper,465872000.0,Low,339500000,High,2177654845.110833,subscribers_high,3500000,133.10628571428572,97.0,622.1870986030951
Kuiper,465872000.0,Low,349500000,High,2223114350.152457,subscribers_high,3500000,133.10628571428572,99.85714285714286,635.1755286149878
Kuiper,465872000.0,Low,359500000,High,2268573855.1940804,subscribers_high,3500000,133.10628571428572,102.71428571428571,648.1639586268801
Kuiper,465872000.0,Baseline,342500000,High,2191292696.6233206,subscribers_high,3500000,133.10628571428572,97.85714285714286,626.0836276066631
Kuiper,465872000.0,Baseline,352500000,High,2236752201.664944,subscribers_high,3500000,133.10628571428572,100.71428571428571,639.0720576185555
Kuiper,465872000.0,Baseline,362500000,High,2282211706.706568,subscribers_high,3500000,133.10628571428572,103.57142857142857,652.0604876304479
Kuiper,465872000.0,High,345500000,High,2204930548.1358075,subscribers_high,3500000,133.10628571428572,98.71428571428571,629.9801566102307
Kuiper,465872000.0,High,355500000,High,2250390053.177431,subscribers_high,3500000,133.10628571428572,101.57142857142857,642.9685866221232
Kuiper,465872000.0,High,365500000,High,2295849558.2190547,subscribers_high,3500000,133.10628571428572,104.42857142857143,655.9570166340156
