scenario,constellation,iteration,number_of_satellites,satellite_coverage_area,pop_density_km2,users_per_km2,active_users_km2,per_user_capacity
baseline,OneWeb,0,720,708333.3333333334,0.1,0.1,0.005,1339.4732272941174
baseline,OneWeb,1,720,708333.3333333334,0.1,0.1,0.005,1339.4732272941174
baseline,OneWeb,2,720,708333.3333333334,0.1,0.1,0.005,1339.4732272941174
baseline,OneWeb,3,720,708333.3333333334,0.1,0.1,0.005,1339.4732272941174
baseline,OneWeb,4,720,708333.3333333334,0.1,0.1,0.005,1339.4732272941174
baseline,OneWeb,5,720,708333.3333333334,0.1,0.1,0.005,1339.4732272941174
baseline,OneWeb,6,720,708333.3333333334,0.1,0.1,0.005,1339.4732272941174
baseline,OneWeb,7,720,708333.3333333334,0.1,0.1,0.005,1339.4732272941174
baseline,OneWeb,8,720,708333.3333333334,0.1,0.1,0.005,1339.4732272941174
baseline,OneWeb,9,720,708333.3333333334,0.1,0.1,0.005,1339.4732272941174
baseline,OneWeb,10,720,708333.3333333334,0.1,0.1,0.005,1339.4732272941174
baseline,OneWeb,11,720,708333.3333333334,0.1,0.1,0.005,1339.4732272941174
baseline,OneWeb,12,720,708333.3333333334,0.1,0.1,0.005,1339.4732272941174
baseline,OneWeb,13,720,708333.3333333334,0.1,0.1,0.005,1339.4732272941174
baseline,OneWeb,14,720,708333.3333333334,0.1,0.1,0.005,1339.4732272941174
baseline,OneWeb,15,720,708333.3333333334,0.1,0.1,0.005,1339.4732272941174
baseline,OneWeb,16,720,708333.3333333334,0.1,0.1,0.005,1339.4732272941174
baseline,OneWeb,17,720,708333.3333333334,0.1,0.1,0.005,1339.4732272941174
baseline,OneWeb,18,720,708333.3333333334,0.1,0.1,0.005,1339.4732272941174
baseline,OneWeb,19,720,708333.3333333334,0.1,0.1,0.005,1339.4732272941174
baseline,OneWeb,20,720,708333.3333333334,0.1,0.1,0.005,1339.4732272941174
baseline,OneWeb,21,720,708333.3333333334,0.1,0.1,0.005,1339.4732272941174
baseline,OneWeb,22,720,708333.3333333334,0.1,0.1,0.005,1339.4732272941174
baseline,OneWeb,23,720,708333.3333333334,0.1,0.1,0.005,1339.4732272941174
baseline,OneWeb,24,720,708333.3333333334,0.1,0.1,0.005,1339.4732272941174
baseline,OneWeb,25,720,708333.3333333334,0.1,0.1,0.005,1339.4732272941174
baseline,OneWeb,26,720,708333.3333333334,0.1,0.1,0.005,1339.4732272941174
baseline,OneWeb,27,720,708333.3333333334,0.1,0.1,0.005,1339.4732272941174
baseline,OneWeb,28,720,708333.3333333334,0.1,0.1,0.005,1339.4732272941174
baseline,OneWeb,29,720,708333.3333333334,0.1,0.1,0.005,1339.4732272941174
baseline,OneWeb,30,720,708333.3333333334,0.1,0.1,0.005,1339.4732272941174
baseline,OneWeb,31,720,708333.3333333334,0.1,0.1,0.005,1339.4732272941174
baseline,OneWeb,32,720,708333.3333333334,0.1,0.1,0.005,1339.4732272941174
baseline,OneWeb,33,720,708333.3333333334,0.1,0.1,0.005,1339.4732272941174
baseline,OneWeb,34,720,708333.3333333334,0.1,0.1,0.005,1339.4732272941174
baseline,OneWeb,35,720,708333.3333333334,0.1,0.1,0.005,1339.4732272941174
baseline,OneWeb,36,720,708333.3333333334,0.1,0.1,0.005,1339.4732272941174
baseline,OneWeb,37,720,708333.3333333334,0.1,0.1,0.005,1339.4732272941174
baseline,OneWeb,38,720,708333.3333333334,0.1,0.1,0.005,1339.4732272941174
baseline,OneWeb,39,720,708333.3333333334,0.1,0.1,0.005,1339.4732272941174
baseline,OneWeb,40,720,708333.3333333334,0.1,0.1,0.005,1339.4732272941174
baseline,OneWeb,41,720,708333.3333333334,0.1,0.1,0.005,1339.4732272941174
baseline,OneWeb,42,720,708333.3333333334,0.1,0.1,0.005,1339.4732272941174
baseline,OneWeb,43,720,708333.3333333334,0.1,0.1,0.005,1339.4732272941174
baseline,OneWeb,44,720,708333.3333333334,0.1,0.1,0.005,1339.4732272941174
baseline,OneWeb,45,720,708333.3333333334,0.1,0.1,0.005,1339.4732272941174
baseline,OneWeb,46,720,708333.3333333334,0.1,0.1,0.005,1339.4732272941174
baseline,OneWeb,47,720,708333.3333333334,0.1,0.1,0.005,1339.4732272941174
baseline,OneWeb,48,720,708333.3333333334,0.1,0.1,0.005,1339.4732272941174
baseline,OneWeb,49,720,708333.3333333334,0.1,0.1,0.005,1339.4732272941174
baseline,OneWeb,50,720,708333.3333333334,0.1,0.1,0.005,1339.4732272941174
baseline,OneWeb,51,720,708333.3333333334,0.1,0.1,0.005,1339.4732272941174
baseline,OneWeb,52,720,708333.3333333334,0.1,0.1,0.005,1339.4732272941174
baseline,OneWeb,53,720,708333.3333333334,0.1,0.1,0.005,1339.4732272941174
baseline,OneWeb,54,720,708333.3333333334,0.1,0.1,0.005,1339.4732272941174
baseline,OneWeb,55,720,708333.3333333334,0.1,0.1,0.005,1339.4732272941174
baseline,OneWeb,56,720,708333.3333333334,0.1,0.1,0.005,1339.4732272941174
baseline,OneWeb,57,720,708333.3333333334,0.1,0.1,0.005,1339.4732272941174
baseline,OneWeb,58,720,708333.3333333334,0.1,0.1,0.005,1339.4732272941174
baseline,OneWeb,59,720,708333.3333333334,0.1,0.1,0.005,1339.4732272941174
baseline,OneWeb,60,720,708333.3333333334,0.1,0.1,0.005,1339.4732272941174
baseline,OneWeb,61,720,708333.3333333334,0.1,0.1,0.005,1339.4732272941174
baseline,OneWeb,62,720,708333.3333333334,0.1,0.1,0.005,1339.4732272941174
baseline,OneWeb,63,720,708333.3333333334,0.1,0.1,0.005,1339.4732272941174
baseline,OneWeb,64,720,708333.3333333334,0.1,0.1,0.005,1339.4732272941174
baseline,OneWeb,65,720,708333.3333333334,0.1,0.1,0.005,1339.4732272941174
baseline,OneWeb,66,720,708333.3333333334,0.1,0.1,0.005,1339.4732272941174
baseline,OneWeb,67,720,708333.3333333334,0.1,0.1,0.005,1339.4732272941174
baseline,OneWeb,68,720,708333.3333333334,0.1,0.1,0.005,1339.4732272941174
baseline,OneWeb,69,720,708333.3333333334,0.1,0.1,0.005,1339.4732272941174
baseline,OneWeb,70,720,708333.3333333334,0.1,0.1,0.005,1339.4732272941174
baseline,OneWeb,71,720,708333.3333333334,0.1,0.1,0.005,1339.4732272941174
baseline,OneWeb,72,720,708333.3333333334,0.1,0.1,0.005,1339.4732272941174
baseline,OneWeb,73,720,708333.3333333334,0.1,0.1,0.005,1339.4732272941174
baseline,OneWeb,74,720,708333.3333333334,0.1,0.1,0.005,1339.4732272941174
baseline,OneWeb,75,720,708333.3333333334,0.1,0.1,0.005,1339.4732272941174
baseline,OneWeb,76,720,708333.3333333334,0.1,0.1,0.005,1339.4732272941174
baseline,OneWeb,77,720,708333.3333333334,0.1,0.1,0.005,1339.4732272941174
baseline,OneWeb,78,720,708333.3333333334,0.1,0.1,0.005,1339.4732272941174
baseline,OneWeb,79,720,708333.3333333334,0.1,0.1,0.005,1339.4732272941174
baseline,OneWeb,80,720,708333.3333333334,0.1,0.1,0.005,1339.4732272941174
baseline,OneWeb,81,720,708333.3333333334,0.1,0.1,0.005,1339.4732272941174
baseline,OneWeb,82,720,708333.3333333334,0.1,0.1,0.005,1339.4732272941174
baseline,OneWeb,83,720,708333.3333333334,0.1,0.1,0.005,1339.4732272941174
baseline,OneWeb,84,720,708333.3333333334,0.1,0.1,0.005,1339.4732272941174
baseline,OneWeb,85,720,708333.3333333334,0.1,0.1,0.005,1339.4732272941174
baseline,OneWeb,86,720,708333.3333333334,0.1,0.1,0.005,1339.4732272941174
baseline,OneWeb,87,720,708333.3333333334,0.1,0.1,0.005,1339.4732272941174
baseline,OneWeb,88,720,708333.3333333334,0.1,0.1,0.005,1339.4732272941174
baseline,OneWeb,89,720,708333.3333333334,0.1,0.1,0.005,1339.4732272941174
baseline,OneWeb,90,720,708333.3333333334,0.1,0.1,0.005,1339.4732272941174
baseline,OneWeb,91,720,708333.3333333334,0.1,0.1,0.005,1339.4732272941174
baseline,OneWeb,92,720,708333.3333333334,0.1,0.1,0.005,1339.4732272941174
baseline,OneWeb,93,720,708333.3333333334,0.1,0.1,0.005,1339.4732272941174
baseline,OneWeb,94,720,708333.3333333334,0.1,0.1,0.005,1339.4732272941174
baseline,OneWeb,95,720,708333.3333333334,0.1,0.1,0.005,1339.4732272941174
baseline,OneWeb,96,720,708333.3333333334,0.1,0.1,0.005,1339.4732272941174
baseline,OneWeb,97,720,708333.3333333334,0.1,0.1,0.005,1339.4732272941174
baseline,OneWeb,98,720,708333.3333333334,0.1,0.1,0.005,1339.4732272941174
baseline,OneWeb,99,720,708333.3333333334,0.1,0.1,0.005,1339.4732272941174
baseline,OneWeb,0,720,708333.3333333334,1.0,1.0,0.05,133.94732272941175
baseline,OneWeb,1,720,708333.3333333334,1.0,1.0,0.05,133.94732272941175
baseline,OneWeb,2,720,708333.3333333334,1.0,1.0,0.05,133.94732272941175
baseline,OneWeb,3,720,708333.3333333334,1.0,1.0,0.05,133.94732272941175
baseline,OneWeb,4,720,708333.3333333334,1.0,1.0,0.05,133.94732272941175
baseline,OneWeb,5,720,708333.3333333334,1.0,1.0,0.05,133.94732272941175
baseline,OneWeb,6,720,708333.3333333334,1.0,1.0,0.05,133.94732272941175
baseline,OneWeb,7,720,708333.3333333334,1.0,1.0,0.05,133.94732272941175
baseline,OneWeb,8,720,708333.3333333334,1.0,1.0,0.05,133.94732272941175
baseline,OneWeb,9,720,708333.3333333334,1.0,1.0,0.05,133.94732272941175
baseline,OneWeb,10,720,708333.3333333334,1.0,1.0,0.05,133.94732272941175
baseline,OneWeb,11,720,708333.3333333334,1.0,1.0,0.05,133.94732272941175
baseline,OneWeb,12,720,708333.3333333334,1.0,1.0,0.05,133.94732272941175
baseline,OneWeb,13,720,708333.3333333334,1.0,1.0,0.05,133.94732272941175
baseline,OneWeb,14,720,708333.3333333334,1.0,1.0,0.05,133.94732272941175
baseline,OneWeb,15,720,708333.3333333334,1.0,1.0,0.05,133.94732272941175
baseline,OneWeb,16,720,708333.3333333334,1.0,1.0,0.05,133.94732272941175
baseline,OneWeb,17,720,708333.3333333334,1.0,1.0,0.05,133.94732272941175
baseline,OneWeb,18,720,708333.3333333334,1.0,1.0,0.05,133.94732272941175
baseline,OneWeb,19,720,708333.3333333334,1.0,1.0,0.05,133.94732272941175
baseline,OneWeb,20,720,708333.3333333334,1.0,1.0,0.05,133.94732272941175
baseline,OneWeb,21,720,708333.3333333334,1.0,1.0,0.05,133.94732272941175
baseline,OneWeb,22,720,708333.3333333334,1.0,1.0,0.05,133.94732272941175
baseline,OneWeb,23,720,708333.3333333334,1.0,1.0,0.05,133.94732272941175
baseline,OneWeb,24,720,708333.3333333334,1.0,1.0,0.05,133.94732272941175
baseline,OneWeb,25,720,708333.3333333334,1.0,1.0,0.05,133.94732272941175
baseline,OneWeb,26,720,708333.3333333334,1.0,1.0,0.05,133.94732272941175
baseline,OneWeb,27,720,708333.3333333334,1.0,1.0,0.05,133.94732272941175
baseline,OneWeb,28,720,708333.3333333334,1.0,1.0,0.05,133.94732272941175
baseline,OneWeb,29,720,708333.3333333334,1.0,1.0,0.05,133.94732272941175
baseline,OneWeb,30,720,708333.3333333334,1.0,1.0,0.05,133.94732272941175
baseline,OneWeb,31,720,708333.3333333334,1.0,1.0,0.05,133.94732272941175
baseline,OneWeb,32,720,708333.3333333334,1.0,1.0,0.05,133.94732272941175
baseline,OneWeb,33,720,708333.3333333334,1.0,1.0,0.05,133.94732272941175
baseline,OneWeb,34,720,708333.3333333334,1.0,1.0,0.05,133.94732272941175
baseline,OneWeb,35,720,708333.3333333334,1.0,1.0,0.05,133.94732272941175
baseline,OneWeb,36,720,708333.3333333334,1.0,1.0,0.05,133.94732272941175
baseline,OneWeb,37,720,708333.3333333334,1.0,1.0,0.05,133.94732272941175
baseline,OneWeb,38,720,708333.3333333334,1.0,1.0,0.05,133.94732272941175
baseline,OneWeb,39,720,708333.3333333334,1.0,1.0,0.05,133.94732272941175
baseline,OneWeb,40,720,708333.3333333334,1.0,1.0,0.05,133.94732272941175
baseline,OneWeb,41,720,708333.3333333334,1.0,1.0,0.05,133.94732272941175
baseline,OneWeb,42,720,708333.3333333334,1.0,1.0,0.05,133.94732272941175
baseline,OneWeb,43,720,708333.3333333334,1.0,1.0,0.05,133.94732272941175
baseline,OneWeb,44,720,708333.3333333334,1.0,1.0,0.05,133.94732272941175
baseline,OneWeb,45,720,708333.3333333334,1.0,1.0,0.05,133.94732272941175
baseline,OneWeb,46,720,708333.3333333334,1.0,1.0,0.05,133.94732272941175
baseline,OneWeb,47,720,708333.3333333334,1.0,1.0,0.05,133.94732272941175
baseline,OneWeb,48,720,708333.3333333334,1.0,1.0,0.05,133.94732272941175
baseline,OneWeb,49,720,708333.3333333334,1.0,1.0,0.05,133.94732272941175
baseline,OneWeb,50,720,708333.3333333334,1.0,1.0,0.05,133.94732272941175
baseline,OneWeb,51,720,708333.3333333334,1.0,1.0,0.05,133.94732272941175
baseline,OneWeb,52,720,708333.3333333334,1.0,1.0,0.05,133.94732272941175
baseline,OneWeb,53,720,708333.3333333334,1.0,1.0,0.05,133.94732272941175
baseline,OneWeb,54,720,708333.3333333334,1.0,1.0,0.05,133.94732272941175
baseline,OneWeb,55,720,708333.3333333334,1.0,1.0,0.05,133.94732272941175
baseline,OneWeb,56,720,708333.3333333334,1.0,1.0,0.05,133.94732272941175
baseline,OneWeb,57,720,708333.3333333334,1.0,1.0,0.05,133.94732272941175
baseline,OneWeb,58,720,708333.3333333334,1.0,1.0,0.05,133.94732272941175
baseline,OneWeb,59,720,708333.3333333334,1.0,1.0,0.05,133.94732272941175
baseline,OneWeb,60,720,708333.3333333334,1.0,1.0,0.05,133.94732272941175
baseline,OneWeb,61,720,708333.3333333334,1.0,1.0,0.05,133.94732272941175
baseline,OneWeb,62,720,708333.3333333334,1.0,1.0,0.05,133.94732272941175
baseline,OneWeb,63,720,708333.3333333334,1.0,1.0,0.05,133.94732272941175
baseline,OneWeb,64,720,708333.3333333334,1.0,1.0,0.05,133.94732272941175
baseline,OneWeb,65,720,708333.3333333334,1.0,1.0,0.05,133.94732272941175
baseline,OneWeb,66,720,708333.3333333334,1.0,1.0,0.05,133.94732272941175
baseline,OneWeb,67,720,708333.3333333334,1.0,1.0,0.05,133.94732272941175
baseline,OneWeb,68,720,708333.3333333334,1.0,1.0,0.05,133.94732272941175
baseline,OneWeb,69,720,708333.3333333334,1.0,1.0,0.05,133.94732272941175
baseline,OneWeb,70,720,708333.3333333334,1.0,1.0,0.05,133.94732272941175
baseline,OneWeb,71,720,708333.3333333334,1.0,1.0,0.05,133.94732272941175
baseline,OneWeb,72,720,708333.3333333334,1.0,1.0,0.05,133.94732272941175
baseline,OneWeb,73,720,708333.3333333334,1.0,1.0,0.05,133.94732272941175
baseline,OneWeb,74,720,708333.3333333334,1.0,1.0,0.05,133.94732272941175
baseline,OneWeb,75,720,708333.3333333334,1.0,1.0,0.05,133.94732272941175
baseline,OneWeb,76,720,708333.3333333334,1.0,1.0,0.05,133.94732272941175
baseline,OneWeb,77,720,708333.3333333334,1.0,1.0,0.05,133.94732272941175
baseline,OneWeb,78,720,708333.3333333334,1.0,1.0,0.05,133.94732272941175
baseline,OneWeb,79,720,708333.3333333334,1.0,1.0,0.05,133.94732272941175
baseline,OneWeb,80,720,708333.3333333334,1.0,1.0,0.05,133.94732272941175
baseline,OneWeb,81,720,708333.3333333334,1.0,1.0,0.05,133.94732272941175
baseline,OneWeb,82,720,708333.3333333334,1.0,1.0,0.05,133.94732272941175
baseline,OneWeb,83,720,708333.3333333334,1.0,1.0,0.05,133.94732272941175
baseline,OneWeb,84,720,708333.3333333334,1.0,1.0,0.05,133.94732272941175
baseline,OneWeb,85,720,708333.3333333334,1.0,1.0,0.05,133.94732272941175
baseline,OneWeb,86,720,708333.3333333334,1.0,1.0,0.05,133.94732272941175
baseline,OneWeb,87,720,708333.3333333334,1.0,1.0,0.05,133.94732272941175
baseline,OneWeb,88,720,708333.3333333334,1.0,1.0,0.05,133.94732272941175
baseline,OneWeb,89,720,708333.3333333334,1.0,1.0,0.05,133.94732272941175
baseline,OneWeb,90,720,708333.3333333334,1.0,1.0,0.05,133.94732272941175
baseline,OneWeb,91,720,708333.3333333334,1.0,1.0,0.05,133.94732272941175
baseline,OneWeb,92,720,708333.3333333334,1.0,1.0,0.05,133.94732272941175
baseline,OneWeb,93,720,708333.3333333334,1.0,1.0,0.05,133.94732272941175
baseline,OneWeb,94,720,708333.3333333334,1.0,1.0,0.05,133.94732272941175
baseline,OneWeb,95,720,708333.3333333334,1.0,1.0,0.05,133.94732272941175
baseline,OneWeb,96,720,708333.3333333334,1.0,1.0,0.05,133.94732272941175
baseline,OneWeb,97,720,708333.3333333334,1.0,1.0,0.05,133.94732272941175
baseline,OneWeb,98,720,708333.3333333334,1.0,1.0,0.05,133.94732272941175
baseline,OneWeb,99,720,708333.3333333334,1.0,1.0,0.05,133.94732272941175
baseline,OneWeb,0,720,708333.3333333334,2.0,2.0,0.1,66.97366136470588
baseline,OneWeb,1,720,708333.3333333334,2.0,2.0,0.1,66.97366136470588
baseline,OneWeb,2,720,708333.3333333334,2.0,2.0,0.1,66.97366136470588
baseline,OneWeb,3,720,708333.3333333334,2.0,2.0,0.1,66.97366136470588
baseline,OneWeb,4,720,708333.3333333334,2.0,2.0,0.1,66.97366136470588
baseline,OneWeb,5,720,708333.3333333334,2.0,2.0,0.1,66.97366136470588
baseline,OneWeb,6,720,708333.3333333334,2.0,2.0,0.1,66.97366136470588
baseline,OneWeb,7,720,708333.3333333334,2.0,2.0,0.1,66.97366136470588
baseline,OneWeb,8,720,708333.3333333334,2.0,2.0,0.1,66.97366136470588
baseline,OneWeb,9,720,708333.3333333334,2.0,2.0,0.1,66.97366136470588
baseline,OneWeb,10,720,708333.3333333334,2.0,2.0,0.1,66.97366136470588
baseline,OneWeb,11,720,708333.3333333334,2.0,2.0,0.1,66.97366136470588
baseline,OneWeb,12,720,708333.3333333334,2.0,2.0,0.1,66.97366136470588
baseline,OneWeb,13,720,708333.3333333334,2.0,2.0,0.1,66.97366136470588
baseline,OneWeb,14,720,708333.3333333334,2.0,2.0,0.1,66.97366136470588
baseline,OneWeb,15,720,708333.3333333334,2.0,2.0,0.1,66.97366136470588
baseline,OneWeb,16,720,708333.3333333334,2.0,2.0,0.1,66.97366136470588
baseline,OneWeb,17,720,708333.3333333334,2.0,2.0,0.1,66.97366136470588
baseline,OneWeb,18,720,708333.3333333334,2.0,2.0,0.1,66.97366136470588
baseline,OneWeb,19,720,708333.3333333334,2.0,2.0,0.1,66.97366136470588
baseline,OneWeb,20,720,708333.3333333334,2.0,2.0,0.1,66.97366136470588
baseline,OneWeb,21,720,708333.3333333334,2.0,2.0,0.1,66.97366136470588
baseline,OneWeb,22,720,708333.3333333334,2.0,2.0,0.1,66.97366136470588
baseline,OneWeb,23,720,708333.3333333334,2.0,2.0,0.1,66.97366136470588
baseline,OneWeb,24,720,708333.3333333334,2.0,2.0,0.1,66.97366136470588
baseline,OneWeb,25,720,708333.3333333334,2.0,2.0,0.1,66.97366136470588
baseline,OneWeb,26,720,708333.3333333334,2.0,2.0,0.1,66.97366136470588
baseline,OneWeb,27,720,708333.3333333334,2.0,2.0,0.1,66.97366136470588
baseline,OneWeb,28,720,708333.3333333334,2.0,2.0,0.1,66.97366136470588
baseline,OneWeb,29,720,708333.3333333334,2.0,2.0,0.1,66.97366136470588
baseline,OneWeb,30,720,708333.3333333334,2.0,2.0,0.1,66.97366136470588
baseline,OneWeb,31,720,708333.3333333334,2.0,2.0,0.1,66.97366136470588
baseline,OneWeb,32,720,708333.3333333334,2.0,2.0,0.1,66.97366136470588
baseline,OneWeb,33,720,708333.3333333334,2.0,2.0,0.1,66.97366136470588
baseline,OneWeb,34,720,708333.3333333334,2.0,2.0,0.1,66.97366136470588
baseline,OneWeb,35,720,708333.3333333334,2.0,2.0,0.1,66.97366136470588
baseline,OneWeb,36,720,708333.3333333334,2.0,2.0,0.1,66.97366136470588
baseline,OneWeb,37,720,708333.3333333334,2.0,2.0,0.1,66.97366136470588
baseline,OneWeb,38,720,708333.3333333334,2.0,2.0,0.1,66.97366136470588
baseline,OneWeb,39,720,708333.3333333334,2.0,2.0,0.1,66.97366136470588
baseline,OneWeb,40,720,708333.3333333334,2.0,2.0,0.1,66.97366136470588
baseline,OneWeb,41,720,708333.3333333334,2.0,2.0,0.1,66.97366136470588
baseline,OneWeb,42,720,708333.3333333334,2.0,2.0,0.1,66.97366136470588
baseline,OneWeb,43,720,708333.3333333334,2.0,2.0,0.1,66.97366136470588
baseline,OneWeb,44,720,708333.3333333334,2.0,2.0,0.1,66.97366136470588
baseline,OneWeb,45,720,708333.3333333334,2.0,2.0,0.1,66.97366136470588
baseline,OneWeb,46,720,708333.3333333334,2.0,2.0,0.1,66.97366136470588
baseline,OneWeb,47,720,708333.3333333334,2.0,2.0,0.1,66.97366136470588
baseline,OneWeb,48,720,708333.3333333334,2.0,2.0,0.1,66.97366136470588
baseline,OneWeb,49,720,708333.3333333334,2.0,2.0,0.1,66.97366136470588
baseline,OneWeb,50,720,708333.3333333334,2.0,2.0,0.1,66.97366136470588
baseline,OneWeb,51,720,708333.3333333334,2.0,2.0,0.1,66.97366136470588
baseline,OneWeb,52,720,708333.3333333334,2.0,2.0,0.1,66.97366136470588
baseline,OneWeb,53,720,708333.3333333334,2.0,2.0,0.1,66.97366136470588
baseline,OneWeb,54,720,708333.3333333334,2.0,2.0,0.1,66.97366136470588
baseline,OneWeb,55,720,708333.3333333334,2.0,2.0,0.1,66.97366136470588
baseline,OneWeb,56,720,708333.3333333334,2.0,2.0,0.1,66.97366136470588
baseline,OneWeb,57,720,708333.3333333334,2.0,2.0,0.1,66.97366136470588
baseline,OneWeb,58,720,708333.3333333334,2.0,2.0,0.1,66.97366136470588
baseline,OneWeb,59,720,708333.3333333334,2.0,2.0,0.1,66.97366136470588
baseline,OneWeb,60,720,708333.3333333334,2.0,2.0,0.1,66.97366136470588
baseline,OneWeb,61,720,708333.3333333334,2.0,2.0,0.1,66.97366136470588
baseline,OneWeb,62,720,708333.3333333334,2.0,2.0,0.1,66.97366136470588
baseline,OneWeb,63,720,708333.3333333334,2.0,2.0,0.1,66.97366136470588
baseline,OneWeb,64,720,708333.3333333334,2.0,2.0,0.1,66.97366136470588
baseline,OneWeb,65,720,708333.3333333334,2.0,2.0,0.1,66.97366136470588
baseline,OneWeb,66,720,708333.3333333334,2.0,2.0,0.1,66.97366136470588
baseline,OneWeb,67,720,708333.3333333334,2.0,2.0,0.1,66.97366136470588
baseline,OneWeb,68,720,708333.3333333334,2.0,2.0,0.1,66.97366136470588
baseline,OneWeb,69,720,708333.3333333334,2.0,2.0,0.1,66.97366136470588
baseline,OneWeb,70,720,708333.3333333334,2.0,2.0,0.1,66.97366136470588
baseline,OneWeb,71,720,708333.3333333334,2.0,2.0,0.1,66.97366136470588
baseline,OneWeb,72,720,708333.3333333334,2.0,2.0,0.1,66.97366136470588
baseline,OneWeb,73,720,708333.3333333334,2.0,2.0,0.1,66.97366136470588
baseline,OneWeb,74,720,708333.3333333334,2.0,2.0,0.1,66.97366136470588
baseline,OneWeb,75,720,708333.3333333334,2.0,2.0,0.1,66.97366136470588
baseline,OneWeb,76,720,708333.3333333334,2.0,2.0,0.1,66.97366136470588
baseline,OneWeb,77,720,708333.3333333334,2.0,2.0,0.1,66.97366136470588
baseline,OneWeb,78,720,708333.3333333334,2.0,2.0,0.1,66.97366136470588
baseline,OneWeb,79,720,708333.3333333334,2.0,2.0,0.1,66.97366136470588
baseline,OneWeb,80,720,708333.3333333334,2.0,2.0,0.1,66.97366136470588
baseline,OneWeb,81,720,708333.3333333334,2.0,2.0,0.1,66.97366136470588
baseline,OneWeb,82,720,708333.3333333334,2.0,2.0,0.1,66.97366136470588
baseline,OneWeb,83,720,708333.3333333334,2.0,2.0,0.1,66.97366136470588
baseline,OneWeb,84,720,708333.3333333334,2.0,2.0,0.1,66.97366136470588
baseline,OneWeb,85,720,708333.3333333334,2.0,2.0,0.1,66.97366136470588
baseline,OneWeb,86,720,708333.3333333334,2.0,2.0,0.1,66.97366136470588
baseline,OneWeb,87,720,708333.3333333334,2.0,2.0,0.1,66.97366136470588
baseline,OneWeb,88,720,708333.3333333334,2.0,2.0,0.1,66.97366136470588
baseline,OneWeb,89,720,708333.3333333334,2.0,2.0,0.1,66.97366136470588
baseline,OneWeb,90,720,708333.3333333334,2.0,2.0,0.1,66.97366136470588
baseline,OneWeb,91,720,708333.3333333334,2.0,2.0,0.1,66.97366136470588
baseline,OneWeb,92,720,708333.3333333334,2.0,2.0,0.1,66.97366136470588
baseline,OneWeb,93,720,708333.3333333334,2.0,2.0,0.1,66.97366136470588
baseline,OneWeb,94,720,708333.3333333334,2.0,2.0,0.1,66.97366136470588
baseline,OneWeb,95,720,708333.3333333334,2.0,2.0,0.1,66.97366136470588
baseline,OneWeb,96,720,708333.3333333334,2.0,2.0,0.1,66.97366136470588
baseline,OneWeb,97,720,708333.3333333334,2.0,2.0,0.1,66.97366136470588
baseline,OneWeb,98,720,708333.3333333334,2.0,2.0,0.1,66.97366136470588
baseline,OneWeb,99,720,708333.3333333334,2.0,2.0,0.1,66.97366136470588
baseline,OneWeb,0,720,708333.3333333334,3.0,3.0,0.15,44.649107576470584
baseline,OneWeb,1,720,708333.3333333334,3.0,3.0,0.15,44.649107576470584
baseline,OneWeb,2,720,708333.3333333334,3.0,3.0,0.15,44.649107576470584
baseline,OneWeb,3,720,708333.3333333334,3.0,3.0,0.15,44.649107576470584
baseline,OneWeb,4,720,708333.3333333334,3.0,3.0,0.15,44.649107576470584
baseline,OneWeb,5,720,708333.3333333334,3.0,3.0,0.15,44.649107576470584
baseline,OneWeb,6,720,708333.3333333334,3.0,3.0,0.15,44.649107576470584
baseline,OneWeb,7,720,708333.3333333334,3.0,3.0,0.15,44.649107576470584
baseline,OneWeb,8,720,708333.3333333334,3.0,3.0,0.15,44.649107576470584
baseline,OneWeb,9,720,708333.3333333334,3.0,3.0,0.15,44.649107576470584
baseline,OneWeb,10,720,708333.3333333334,3.0,3.0,0.15,44.649107576470584
baseline,OneWeb,11,720,708333.3333333334,3.0,3.0,0.15,44.649107576470584
baseline,OneWeb,12,720,708333.3333333334,3.0,3.0,0.15,44.649107576470584
baseline,OneWeb,13,720,708333.3333333334,3.0,3.0,0.15,44.649107576470584
baseline,OneWeb,14,720,708333.3333333334,3.0,3.0,0.15,44.649107576470584
baseline,OneWeb,15,720,708333.3333333334,3.0,3.0,0.15,44.649107576470584
baseline,OneWeb,16,720,708333.3333333334,3.0,3.0,0.15,44.649107576470584
baseline,OneWeb,17,720,708333.3333333334,3.0,3.0,0.15,44.649107576470584
baseline,OneWeb,18,720,708333.3333333334,3.0,3.0,0.15,44.649107576470584
baseline,OneWeb,19,720,708333.3333333334,3.0,3.0,0.15,44.649107576470584
baseline,OneWeb,20,720,708333.3333333334,3.0,3.0,0.15,44.649107576470584
baseline,OneWeb,21,720,708333.3333333334,3.0,3.0,0.15,44.649107576470584
baseline,OneWeb,22,720,708333.3333333334,3.0,3.0,0.15,44.649107576470584
baseline,OneWeb,23,720,708333.3333333334,3.0,3.0,0.15,44.649107576470584
baseline,OneWeb,24,720,708333.3333333334,3.0,3.0,0.15,44.649107576470584
baseline,OneWeb,25,720,708333.3333333334,3.0,3.0,0.15,44.649107576470584
baseline,OneWeb,26,720,708333.3333333334,3.0,3.0,0.15,44.649107576470584
baseline,OneWeb,27,720,708333.3333333334,3.0,3.0,0.15,44.649107576470584
baseline,OneWeb,28,720,708333.3333333334,3.0,3.0,0.15,44.649107576470584
baseline,OneWeb,29,720,708333.3333333334,3.0,3.0,0.15,44.649107576470584
baseline,OneWeb,30,720,708333.3333333334,3.0,3.0,0.15,44.649107576470584
baseline,OneWeb,31,720,708333.3333333334,3.0,3.0,0.15,44.649107576470584
baseline,OneWeb,32,720,708333.3333333334,3.0,3.0,0.15,44.649107576470584
baseline,OneWeb,33,720,708333.3333333334,3.0,3.0,0.15,44.649107576470584
baseline,OneWeb,34,720,708333.3333333334,3.0,3.0,0.15,44.649107576470584
baseline,OneWeb,35,720,708333.3333333334,3.0,3.0,0.15,44.649107576470584
baseline,OneWeb,36,720,708333.3333333334,3.0,3.0,0.15,44.649107576470584
baseline,OneWeb,37,720,708333.3333333334,3.0,3.0,0.15,44.649107576470584
baseline,OneWeb,38,720,708333.3333333334,3.0,3.0,0.15,44.649107576470584
baseline,OneWeb,39,720,708333.3333333334,3.0,3.0,0.15,44.649107576470584
baseline,OneWeb,40,720,708333.3333333334,3.0,3.0,0.15,44.649107576470584
baseline,OneWeb,41,720,708333.3333333334,3.0,3.0,0.15,44.649107576470584
baseline,OneWeb,42,720,708333.3333333334,3.0,3.0,0.15,44.649107576470584
baseline,OneWeb,43,720,708333.3333333334,3.0,3.0,0.15,44.649107576470584
baseline,OneWeb,44,720,708333.3333333334,3.0,3.0,0.15,44.649107576470584
baseline,OneWeb,45,720,708333.3333333334,3.0,3.0,0.15,44.649107576470584
baseline,OneWeb,46,720,708333.3333333334,3.0,3.0,0.15,44.649107576470584
baseline,OneWeb,47,720,708333.3333333334,3.0,3.0,0.15,44.649107576470584
baseline,OneWeb,48,720,708333.3333333334,3.0,3.0,0.15,44.649107576470584
baseline,OneWeb,49,720,708333.3333333334,3.0,3.0,0.15,44.649107576470584
baseline,OneWeb,50,720,708333.3333333334,3.0,3.0,0.15,44.649107576470584
baseline,OneWeb,51,720,708333.3333333334,3.0,3.0,0.15,44.649107576470584
baseline,OneWeb,52,720,708333.3333333334,3.0,3.0,0.15,44.649107576470584
baseline,OneWeb,53,720,708333.3333333334,3.0,3.0,0.15,44.649107576470584
baseline,OneWeb,54,720,708333.3333333334,3.0,3.0,0.15,44.649107576470584
baseline,OneWeb,55,720,708333.3333333334,3.0,3.0,0.15,44.649107576470584
baseline,OneWeb,56,720,708333.3333333334,3.0,3.0,0.15,44.649107576470584
baseline,OneWeb,57,720,708333.3333333334,3.0,3.0,0.15,44.649107576470584
baseline,OneWeb,58,720,708333.3333333334,3.0,3.0,0.15,44.649107576470584
baseline,OneWeb,59,720,708333.3333333334,3.0,3.0,0.15,44.649107576470584
baseline,OneWeb,60,720,708333.3333333334,3.0,3.0,0.15,44.649107576470584
baseline,OneWeb,61,720,708333.3333333334,3.0,3.0,0.15,44.649107576470584
baseline,OneWeb,62,720,708333.3333333334,3.0,3.0,0.15,44.649107576470584
baseline,OneWeb,63,720,708333.3333333334,3.0,3.0,0.15,44.649107576470584
baseline,OneWeb,64,720,708333.3333333334,3.0,3.0,0.15,44.649107576470584
baseline,OneWeb,65,720,708333.3333333334,3.0,3.0,0.15,44.649107576470584
baseline,OneWeb,66,720,708333.3333333334,3.0,3.0,0.15,44.649107576470584
baseline,OneWeb,67,720,708333.3333333334,3.0,3.0,0.15,44.649107576470584
baseline,OneWeb,68,720,708333.3333333334,3.0,3.0,0.15,44.649107576470584
baseline,OneWeb,69,720,708333.3333333334,3.0,3.0,0.15,44.649107576470584
baseline,OneWeb,70,720,708333.3333333334,3.0,3.0,0.15,44.649107576470584
baseline,OneWeb,71,720,708333.3333333334,3.0,3.0,0.15,44.649107576470584
baseline,OneWeb,72,720,708333.3333333334,3.0,3.0,0.15,44.649107576470584
baseline,OneWeb,73,720,708333.3333333334,3.0,3.0,0.15,44.649107576470584
baseline,OneWeb,74,720,708333.3333333334,3.0,3.0,0.15,44.649107576470584
baseline,OneWeb,75,720,708333.3333333334,3.0,3.0,0.15,44.649107576470584
baseline,OneWeb,76,720,708333.3333333334,3.0,3.0,0.15,44.649107576470584
baseline,OneWeb,77,720,708333.3333333334,3.0,3.0,0.15,44.649107576470584
baseline,OneWeb,78,720,708333.3333333334,3.0,3.0,0.15,44.649107576470584
baseline,OneWeb,79,720,708333.3333333334,3.0,3.0,0.15,44.649107576470584
baseline,OneWeb,80,720,708333.3333333334,3.0,3.0,0.15,44.649107576470584
baseline,OneWeb,81,720,708333.3333333334,3.0,3.0,0.15,44.649107576470584
baseline,OneWeb,82,720,708333.3333333334,3.0,3.0,0.15,44.649107576470584
baseline,OneWeb,83,720,708333.3333333334,3.0,3.0,0.15,44.649107576470584
baseline,OneWeb,84,720,708333.3333333334,3.0,3.0,0.15,44.649107576470584
baseline,OneWeb,85,720,708333.3333333334,3.0,3.0,0.15,44.649107576470584
baseline,OneWeb,86,720,708333.3333333334,3.0,3.0,0.15,44.649107576470584
baseline,OneWeb,87,720,708333.3333333334,3.0,3.0,0.15,44.649107576470584
baseline,OneWeb,88,720,708333.3333333334,3.0,3.0,0.15,44.649107576470584
baseline,OneWeb,89,720,708333.3333333334,3.0,3.0,0.15,44.649107576470584
baseline,OneWeb,90,720,708333.3333333334,3.0,3.0,0.15,44.649107576470584
baseline,OneWeb,91,720,708333.3333333334,3.0,3.0,0.15,44.649107576470584
baseline,OneWeb,92,720,708333.3333333334,3.0,3.0,0.15,44.649107576470584
baseline,OneWeb,93,720,708333.3333333334,3.0,3.0,0.15,44.649107576470584
baseline,OneWeb,94,720,708333.3333333334,3.0,3.0,0.15,44.649107576470584
baseline,OneWeb,95,720,708333.3333333334,3.0,3.0,0.15,44.649107576470584
baseline,OneWeb,96,720,708333.3333333334,3.0,3.0,0.15,44.649107576470584
baseline,OneWeb,97,720,708333.3333333334,3.0,3.0,0.15,44.649107576470584
baseline,OneWeb,98,720,708333.3333333334,3.0,3.0,0.15,44.649107576470584
baseline,OneWeb,99,720,708333.3333333334,3.0,3.0,0.15,44.649107576470584
baseline,OneWeb,0,720,708333.3333333334,4.0,4.0,0.2,33.48683068235294
baseline,OneWeb,1,720,708333.3333333334,4.0,4.0,0.2,33.48683068235294
baseline,OneWeb,2,720,708333.3333333334,4.0,4.0,0.2,33.48683068235294
baseline,OneWeb,3,720,708333.3333333334,4.0,4.0,0.2,33.48683068235294
baseline,OneWeb,4,720,708333.3333333334,4.0,4.0,0.2,33.48683068235294
baseline,OneWeb,5,720,708333.3333333334,4.0,4.0,0.2,33.48683068235294
baseline,OneWeb,6,720,708333.3333333334,4.0,4.0,0.2,33.48683068235294
baseline,OneWeb,7,720,708333.3333333334,4.0,4.0,0.2,33.48683068235294
baseline,OneWeb,8,720,708333.3333333334,4.0,4.0,0.2,33.48683068235294
baseline,OneWeb,9,720,708333.3333333334,4.0,4.0,0.2,33.48683068235294
baseline,OneWeb,10,720,708333.3333333334,4.0,4.0,0.2,33.48683068235294
baseline,OneWeb,11,720,708333.3333333334,4.0,4.0,0.2,33.48683068235294
baseline,OneWeb,12,720,708333.3333333334,4.0,4.0,0.2,33.48683068235294
baseline,OneWeb,13,720,708333.3333333334,4.0,4.0,0.2,33.48683068235294
baseline,OneWeb,14,720,708333.3333333334,4.0,4.0,0.2,33.48683068235294
baseline,OneWeb,15,720,708333.3333333334,4.0,4.0,0.2,33.48683068235294
baseline,OneWeb,16,720,708333.3333333334,4.0,4.0,0.2,33.48683068235294
baseline,OneWeb,17,720,708333.3333333334,4.0,4.0,0.2,33.48683068235294
baseline,OneWeb,18,720,708333.3333333334,4.0,4.0,0.2,33.48683068235294
baseline,OneWeb,19,720,708333.3333333334,4.0,4.0,0.2,33.48683068235294
baseline,OneWeb,20,720,708333.3333333334,4.0,4.0,0.2,33.48683068235294
baseline,OneWeb,21,720,708333.3333333334,4.0,4.0,0.2,33.48683068235294
baseline,OneWeb,22,720,708333.3333333334,4.0,4.0,0.2,33.48683068235294
baseline,OneWeb,23,720,708333.3333333334,4.0,4.0,0.2,33.48683068235294
baseline,OneWeb,24,720,708333.3333333334,4.0,4.0,0.2,33.48683068235294
baseline,OneWeb,25,720,708333.3333333334,4.0,4.0,0.2,33.48683068235294
baseline,OneWeb,26,720,708333.3333333334,4.0,4.0,0.2,33.48683068235294
baseline,OneWeb,27,720,708333.3333333334,4.0,4.0,0.2,33.48683068235294
baseline,OneWeb,28,720,708333.3333333334,4.0,4.0,0.2,33.48683068235294
baseline,OneWeb,29,720,708333.3333333334,4.0,4.0,0.2,33.48683068235294
baseline,OneWeb,30,720,708333.3333333334,4.0,4.0,0.2,33.48683068235294
baseline,OneWeb,31,720,708333.3333333334,4.0,4.0,0.2,33.48683068235294
baseline,OneWeb,32,720,708333.3333333334,4.0,4.0,0.2,33.48683068235294
baseline,OneWeb,33,720,708333.3333333334,4.0,4.0,0.2,33.48683068235294
baseline,OneWeb,34,720,708333.3333333334,4.0,4.0,0.2,33.48683068235294
baseline,OneWeb,35,720,708333.3333333334,4.0,4.0,0.2,33.48683068235294
baseline,OneWeb,36,720,708333.3333333334,4.0,4.0,0.2,33.48683068235294
baseline,OneWeb,37,720,708333.3333333334,4.0,4.0,0.2,33.48683068235294
baseline,OneWeb,38,720,708333.3333333334,4.0,4.0,0.2,33.48683068235294
baseline,OneWeb,39,720,708333.3333333334,4.0,4.0,0.2,33.48683068235294
baseline,OneWeb,40,720,708333.3333333334,4.0,4.0,0.2,33.48683068235294
baseline,OneWeb,41,720,708333.3333333334,4.0,4.0,0.2,33.48683068235294
baseline,OneWeb,42,720,708333.3333333334,4.0,4.0,0.2,33.48683068235294
baseline,OneWeb,43,720,708333.3333333334,4.0,4.0,0.2,33.48683068235294
baseline,OneWeb,44,720,708333.3333333334,4.0,4.0,0.2,33.48683068235294
baseline,OneWeb,45,720,708333.3333333334,4.0,4.0,0.2,33.48683068235294
baseline,OneWeb,46,720,708333.3333333334,4.0,4.0,0.2,33.48683068235294
baseline,OneWeb,47,720,708333.3333333334,4.0,4.0,0.2,33.48683068235294
baseline,OneWeb,48,720,708333.3333333334,4.0,4.0,0.2,33.48683068235294
baseline,OneWeb,49,720,708333.3333333334,4.0,4.0,0.2,33.48683068235294
baseline,OneWeb,50,720,708333.3333333334,4.0,4.0,0.2,33.48683068235294
baseline,OneWeb,51,720,708333.3333333334,4.0,4.0,0.2,33.48683068235294
baseline,OneWeb,52,720,708333.3333333334,4.0,4.0,0.2,33.48683068235294
baseline,OneWeb,53,720,708333.3333333334,4.0,4.0,0.2,33.48683068235294
baseline,OneWeb,54,720,708333.3333333334,4.0,4.0,0.2,33.48683068235294
baseline,OneWeb,55,720,708333.3333333334,4.0,4.0,0.2,33.48683068235294
baseline,OneWeb,56,720,708333.3333333334,4.0,4.0,0.2,33.48683068235294
baseline,OneWeb,57,720,708333.3333333334,4.0,4.0,0.2,33.48683068235294
baseline,OneWeb,58,720,708333.3333333334,4.0,4.0,0.2,33.48683068235294
baseline,OneWeb,59,720,708333.3333333334,4.0,4.0,0.2,33.48683068235294
baseline,OneWeb,60,720,708333.3333333334,4.0,4.0,0.2,33.48683068235294
baseline,OneWeb,61,720,708333.3333333334,4.0,4.0,0.2,33.48683068235294
baseline,OneWeb,62,720,708333.3333333334,4.0,4.0,0.2,33.48683068235294
baseline,OneWeb,63,720,708333.3333333334,4.0,4.0,0.2,33.48683068235294
baseline,OneWeb,64,720,708333.3333333334,4.0,4.0,0.2,33.48683068235294
baseline,OneWeb,65,720,708333.3333333334,4.0,4.0,0.2,33.48683068235294
baseline,OneWeb,66,720,708333.3333333334,4.0,4.0,0.2,33.48683068235294
baseline,OneWeb,67,720,708333.3333333334,4.0,4.0,0.2,33.48683068235294
baseline,OneWeb,68,720,708333.3333333334,4.0,4.0,0.2,33.48683068235294
baseline,OneWeb,69,720,708333.3333333334,4.0,4.0,0.2,33.48683068235294
baseline,OneWeb,70,720,708333.3333333334,4.0,4.0,0.2,33.48683068235294
baseline,OneWeb,71,720,708333.3333333334,4.0,4.0,0.2,33.48683068235294
baseline,OneWeb,72,720,708333.3333333334,4.0,4.0,0.2,33.48683068235294
baseline,OneWeb,73,720,708333.3333333334,4.0,4.0,0.2,33.48683068235294
baseline,OneWeb,74,720,708333.3333333334,4.0,4.0,0.2,33.48683068235294
baseline,OneWeb,75,720,708333.3333333334,4.0,4.0,0.2,33.48683068235294
baseline,OneWeb,76,720,708333.3333333334,4.0,4.0,0.2,33.48683068235294
baseline,OneWeb,77,720,708333.3333333334,4.0,4.0,0.2,33.48683068235294
baseline,OneWeb,78,720,708333.3333333334,4.0,4.0,0.2,33.48683068235294
baseline,OneWeb,79,720,708333.3333333334,4.0,4.0,0.2,33.48683068235294
baseline,OneWeb,80,720,708333.3333333334,4.0,4.0,0.2,33.48683068235294
baseline,OneWeb,81,720,708333.3333333334,4.0,4.0,0.2,33.48683068235294
baseline,OneWeb,82,720,708333.3333333334,4.0,4.0,0.2,33.48683068235294
baseline,OneWeb,83,720,708333.3333333334,4.0,4.0,0.2,33.48683068235294
baseline,OneWeb,84,720,708333.3333333334,4.0,4.0,0.2,33.48683068235294
baseline,OneWeb,85,720,708333.3333333334,4.0,4.0,0.2,33.48683068235294
baseline,OneWeb,86,720,708333.3333333334,4.0,4.0,0.2,33.48683068235294
baseline,OneWeb,87,720,708333.3333333334,4.0,4.0,0.2,33.48683068235294
baseline,OneWeb,88,720,708333.3333333334,4.0,4.0,0.2,33.48683068235294
baseline,OneWeb,89,720,708333.3333333334,4.0,4.0,0.2,33.48683068235294
baseline,OneWeb,90,720,708333.3333333334,4.0,4.0,0.2,33.48683068235294
baseline,OneWeb,91,720,708333.3333333334,4.0,4.0,0.2,33.48683068235294
baseline,OneWeb,92,720,708333.3333333334,4.0,4.0,0.2,33.48683068235294
baseline,OneWeb,93,720,708333.3333333334,4.0,4.0,0.2,33.48683068235294
baseline,OneWeb,94,720,708333.3333333334,4.0,4.0,0.2,33.48683068235294
baseline,OneWeb,95,720,708333.3333333334,4.0,4.0,0.2,33.48683068235294
baseline,OneWeb,96,720,708333.3333333334,4.0,4.0,0.2,33.48683068235294
baseline,OneWeb,97,720,708333.3333333334,4.0,4.0,0.2,33.48683068235294
baseline,OneWeb,98,720,708333.3333333334,4.0,4.0,0.2,33.48683068235294
baseline,OneWeb,99,720,708333.3333333334,4.0,4.0,0.2,33.48683068235294
baseline,OneWeb,0,720,708333.3333333334,5.0,5.0,0.25,26.78946454588235
baseline,OneWeb,1,720,708333.3333333334,5.0,5.0,0.25,26.78946454588235
baseline,OneWeb,2,720,708333.3333333334,5.0,5.0,0.25,26.78946454588235
baseline,OneWeb,3,720,708333.3333333334,5.0,5.0,0.25,26.78946454588235
baseline,OneWeb,4,720,708333.3333333334,5.0,5.0,0.25,26.78946454588235
baseline,OneWeb,5,720,708333.3333333334,5.0,5.0,0.25,26.78946454588235
baseline,OneWeb,6,720,708333.3333333334,5.0,5.0,0.25,26.78946454588235
baseline,OneWeb,7,720,708333.3333333334,5.0,5.0,0.25,26.78946454588235
baseline,OneWeb,8,720,708333.3333333334,5.0,5.0,0.25,26.78946454588235
baseline,OneWeb,9,720,708333.3333333334,5.0,5.0,0.25,26.78946454588235
baseline,OneWeb,10,720,708333.3333333334,5.0,5.0,0.25,26.78946454588235
baseline,OneWeb,11,720,708333.3333333334,5.0,5.0,0.25,26.78946454588235
baseline,OneWeb,12,720,708333.3333333334,5.0,5.0,0.25,26.78946454588235
baseline,OneWeb,13,720,708333.3333333334,5.0,5.0,0.25,26.78946454588235
baseline,OneWeb,14,720,708333.3333333334,5.0,5.0,0.25,26.78946454588235
baseline,OneWeb,15,720,708333.3333333334,5.0,5.0,0.25,26.78946454588235
baseline,OneWeb,16,720,708333.3333333334,5.0,5.0,0.25,26.78946454588235
baseline,OneWeb,17,720,708333.3333333334,5.0,5.0,0.25,26.78946454588235
baseline,OneWeb,18,720,708333.3333333334,5.0,5.0,0.25,26.78946454588235
baseline,OneWeb,19,720,708333.3333333334,5.0,5.0,0.25,26.78946454588235
baseline,OneWeb,20,720,708333.3333333334,5.0,5.0,0.25,26.78946454588235
baseline,OneWeb,21,720,708333.3333333334,5.0,5.0,0.25,26.78946454588235
baseline,OneWeb,22,720,708333.3333333334,5.0,5.0,0.25,26.78946454588235
baseline,OneWeb,23,720,708333.3333333334,5.0,5.0,0.25,26.78946454588235
baseline,OneWeb,24,720,708333.3333333334,5.0,5.0,0.25,26.78946454588235
baseline,OneWeb,25,720,708333.3333333334,5.0,5.0,0.25,26.78946454588235
baseline,OneWeb,26,720,708333.3333333334,5.0,5.0,0.25,26.78946454588235
baseline,OneWeb,27,720,708333.3333333334,5.0,5.0,0.25,26.78946454588235
baseline,OneWeb,28,720,708333.3333333334,5.0,5.0,0.25,26.78946454588235
baseline,OneWeb,29,720,708333.3333333334,5.0,5.0,0.25,26.78946454588235
baseline,OneWeb,30,720,708333.3333333334,5.0,5.0,0.25,26.78946454588235
baseline,OneWeb,31,720,708333.3333333334,5.0,5.0,0.25,26.78946454588235
baseline,OneWeb,32,720,708333.3333333334,5.0,5.0,0.25,26.78946454588235
baseline,OneWeb,33,720,708333.3333333334,5.0,5.0,0.25,26.78946454588235
baseline,OneWeb,34,720,708333.3333333334,5.0,5.0,0.25,26.78946454588235
baseline,OneWeb,35,720,708333.3333333334,5.0,5.0,0.25,26.78946454588235
baseline,OneWeb,36,720,708333.3333333334,5.0,5.0,0.25,26.78946454588235
baseline,OneWeb,37,720,708333.3333333334,5.0,5.0,0.25,26.78946454588235
baseline,OneWeb,38,720,708333.3333333334,5.0,5.0,0.25,26.78946454588235
baseline,OneWeb,39,720,708333.3333333334,5.0,5.0,0.25,26.78946454588235
baseline,OneWeb,40,720,708333.3333333334,5.0,5.0,0.25,26.78946454588235
baseline,OneWeb,41,720,708333.3333333334,5.0,5.0,0.25,26.78946454588235
baseline,OneWeb,42,720,708333.3333333334,5.0,5.0,0.25,26.78946454588235
baseline,OneWeb,43,720,708333.3333333334,5.0,5.0,0.25,26.78946454588235
baseline,OneWeb,44,720,708333.3333333334,5.0,5.0,0.25,26.78946454588235
baseline,OneWeb,45,720,708333.3333333334,5.0,5.0,0.25,26.78946454588235
baseline,OneWeb,46,720,708333.3333333334,5.0,5.0,0.25,26.78946454588235
baseline,OneWeb,47,720,708333.3333333334,5.0,5.0,0.25,26.78946454588235
baseline,OneWeb,48,720,708333.3333333334,5.0,5.0,0.25,26.78946454588235
baseline,OneWeb,49,720,708333.3333333334,5.0,5.0,0.25,26.78946454588235
baseline,OneWeb,50,720,708333.3333333334,5.0,5.0,0.25,26.78946454588235
baseline,OneWeb,51,720,708333.3333333334,5.0,5.0,0.25,26.78946454588235
baseline,OneWeb,52,720,708333.3333333334,5.0,5.0,0.25,26.78946454588235
baseline,OneWeb,53,720,708333.3333333334,5.0,5.0,0.25,26.78946454588235
baseline,OneWeb,54,720,708333.3333333334,5.0,5.0,0.25,26.78946454588235
baseline,OneWeb,55,720,708333.3333333334,5.0,5.0,0.25,26.78946454588235
baseline,OneWeb,56,720,708333.3333333334,5.0,5.0,0.25,26.78946454588235
baseline,OneWeb,57,720,708333.3333333334,5.0,5.0,0.25,26.78946454588235
baseline,OneWeb,58,720,708333.3333333334,5.0,5.0,0.25,26.78946454588235
baseline,OneWeb,59,720,708333.3333333334,5.0,5.0,0.25,26.78946454588235
baseline,OneWeb,60,720,708333.3333333334,5.0,5.0,0.25,26.78946454588235
baseline,OneWeb,61,720,708333.3333333334,5.0,5.0,0.25,26.78946454588235
baseline,OneWeb,62,720,708333.3333333334,5.0,5.0,0.25,26.78946454588235
baseline,OneWeb,63,720,708333.3333333334,5.0,5.0,0.25,26.78946454588235
baseline,OneWeb,64,720,708333.3333333334,5.0,5.0,0.25,26.78946454588235
baseline,OneWeb,65,720,708333.3333333334,5.0,5.0,0.25,26.78946454588235
baseline,OneWeb,66,720,708333.3333333334,5.0,5.0,0.25,26.78946454588235
baseline,OneWeb,67,720,708333.3333333334,5.0,5.0,0.25,26.78946454588235
baseline,OneWeb,68,720,708333.3333333334,5.0,5.0,0.25,26.78946454588235
baseline,OneWeb,69,720,708333.3333333334,5.0,5.0,0.25,26.78946454588235
baseline,OneWeb,70,720,708333.3333333334,5.0,5.0,0.25,26.78946454588235
baseline,OneWeb,71,720,708333.3333333334,5.0,5.0,0.25,26.78946454588235
baseline,OneWeb,72,720,708333.3333333334,5.0,5.0,0.25,26.78946454588235
baseline,OneWeb,73,720,708333.3333333334,5.0,5.0,0.25,26.78946454588235
baseline,OneWeb,74,720,708333.3333333334,5.0,5.0,0.25,26.78946454588235
baseline,OneWeb,75,720,708333.3333333334,5.0,5.0,0.25,26.78946454588235
baseline,OneWeb,76,720,708333.3333333334,5.0,5.0,0.25,26.78946454588235
baseline,OneWeb,77,720,708333.3333333334,5.0,5.0,0.25,26.78946454588235
baseline,OneWeb,78,720,708333.3333333334,5.0,5.0,0.25,26.78946454588235
baseline,OneWeb,79,720,708333.3333333334,5.0,5.0,0.25,26.78946454588235
baseline,OneWeb,80,720,708333.3333333334,5.0,5.0,0.25,26.78946454588235
baseline,OneWeb,81,720,708333.3333333334,5.0,5.0,0.25,26.78946454588235
baseline,OneWeb,82,720,708333.3333333334,5.0,5.0,0.25,26.78946454588235
baseline,OneWeb,83,720,708333.3333333334,5.0,5.0,0.25,26.78946454588235
baseline,OneWeb,84,720,708333.3333333334,5.0,5.0,0.25,26.78946454588235
baseline,OneWeb,85,720,708333.3333333334,5.0,5.0,0.25,26.78946454588235
baseline,OneWeb,86,720,708333.3333333334,5.0,5.0,0.25,26.78946454588235
baseline,OneWeb,87,720,708333.3333333334,5.0,5.0,0.25,26.78946454588235
baseline,OneWeb,88,720,708333.3333333334,5.0,5.0,0.25,26.78946454588235
baseline,OneWeb,89,720,708333.3333333334,5.0,5.0,0.25,26.78946454588235
baseline,OneWeb,90,720,708333.3333333334,5.0,5.0,0.25,26.78946454588235
baseline,OneWeb,91,720,708333.3333333334,5.0,5.0,0.25,26.78946454588235
baseline,OneWeb,92,720,708333.3333333334,5.0,5.0,0.25,26.78946454588235
baseline,OneWeb,93,720,708333.3333333334,5.0,5.0,0.25,26.78946454588235
baseline,OneWeb,94,720,708333.3333333334,5.0,5.0,0.25,26.78946454588235
baseline,OneWeb,95,720,708333.3333333334,5.0,5.0,0.25,26.78946454588235
baseline,OneWeb,96,720,708333.3333333334,5.0,5.0,0.25,26.78946454588235
baseline,OneWeb,97,720,708333.3333333334,5.0,5.0,0.25,26.78946454588235
baseline,OneWeb,98,720,708333.3333333334,5.0,5.0,0.25,26.78946454588235
baseline,OneWeb,99,720,708333.3333333334,5.0,5.0,0.25,26.78946454588235
baseline,Kuiper,0,3240,157407.40740740742,0.1,0.1,0.005,38978.898258070585
baseline,Kuiper,1,3240,157407.40740740742,0.1,0.1,0.005,41523.10511209412
baseline,Kuiper,2,3240,157407.40740740742,0.1,0.1,0.005,41523.10511209412
baseline,Kuiper,3,3240,157407.40740740742,0.1,0.1,0.005,34617.40314352941
baseline,Kuiper,4,3240,157407.40740740742,0.1,0.1,0.005,36071.22388404705
baseline,Kuiper,5,3240,157407.40740740742,0.1,0.1,0.005,41523.10511209412
baseline,Kuiper,6,3240,157407.40740740742,0.1,0.1,0.005,34617.40314352941
baseline,Kuiper,7,3240,157407.40740740742,0.1,0.1,0.005,32436.64736301176
baseline,Kuiper,8,3240,157407.40740740742,0.1,0.1,0.005,41523.10511209412
baseline,Kuiper,9,3240,157407.40740740742,0.1,0.1,0.005,38978.898258070585
baseline,Kuiper,10,3240,157407.40740740742,0.1,0.1,0.005,41523.10511209412
baseline,Kuiper,11,3240,157407.40740740742,0.1,0.1,0.005,32436.64736301176
baseline,Kuiper,12,3240,157407.40740740742,0.1,0.1,0.005,41523.10511209412
baseline,Kuiper,13,3240,157407.40740740742,0.1,0.1,0.005,40432.73544508235
baseline,Kuiper,14,3240,157407.40740740742,0.1,0.1,0.005,32436.64736301176
baseline,Kuiper,15,3240,157407.40740740742,0.1,0.1,0.005,41523.10511209412
baseline,Kuiper,16,3240,157407.40740740742,0.1,0.1,0.005,41523.10511209412
baseline,Kuiper,17,3240,157407.40740740742,0.1,0.1,0.005,41523.10511209412
baseline,Kuiper,18,3240,157407.40740740742,0.1,0.1,0.005,38978.898258070585
baseline,Kuiper,19,3240,157407.40740740742,0.1,0.1,0.005,38978.898258070585
baseline,Kuiper,20,3240,157407.40740740742,0.1,0.1,0.005,41523.10511209412
baseline,Kuiper,21,3240,157407.40740740742,0.1,0.1,0.005,41523.10511209412
baseline,Kuiper,22,3240,157407.40740740742,0.1,0.1,0.005,41523.10511209412
baseline,Kuiper,23,3240,157407.40740740742,0.1,0.1,0.005,41523.10511209412
baseline,Kuiper,24,3240,157407.40740740742,0.1,0.1,0.005,41523.10511209412
baseline,Kuiper,25,3240,157407.40740740742,0.1,0.1,0.005,38978.898258070585
baseline,Kuiper,26,3240,157407.40740740742,0.1,0.1,0.005,27090.846022023525
baseline,Kuiper,27,3240,157407.40740740742,0.1,0.1,0.005,38978.898258070585
baseline,Kuiper,28,3240,157407.40740740742,0.1,0.1,0.005,27090.846022023525
baseline,Kuiper,29,3240,157407.40740740742,0.1,0.1,0.005,41523.10511209412
baseline,Kuiper,30,3240,157407.40740740742,0.1,0.1,0.005,27090.846022023525
baseline,Kuiper,31,3240,157407.40740740742,0.1,0.1,0.005,34617.40314352941
baseline,Kuiper,32,3240,157407.40740740742,0.1,0.1,0.005,41523.10511209412
baseline,Kuiper,33,3240,157407.40740740742,0.1,0.1,0.005,41523.10511209412
baseline,Kuiper,34,3240,157407.40740740742,0.1,0.1,0.005,41523.10511209412
baseline,Kuiper,35,3240,157407.40740740742,0.1,0.1,0.005,41523.10511209412
baseline,Kuiper,36,3240,157407.40740740742,0.1,0.1,0.005,36071.22388404705
baseline,Kuiper,37,3240,157407.40740740742,0.1,0.1,0.005,34617.40314352941
baseline,Kuiper,38,3240,157407.40740740742,0.1,0.1,0.005,38978.898258070585
baseline,Kuiper,39,3240,157407.40740740742,0.1,0.1,0.005,41523.10511209412
baseline,Kuiper,40,3240,157407.40740740742,0.1,0.1,0.005,34617.40314352941
baseline,Kuiper,41,3240,157407.40740740742,0.1,0.1,0.005,41523.10511209412
baseline,Kuiper,42,3240,157407.40740740742,0.1,0.1,0.005,41523.10511209412
baseline,Kuiper,43,3240,157407.40740740742,0.1,0.1,0.005,41523.10511209412
baseline,Kuiper,44,3240,157407.40740740742,0.1,0.1,0.005,32436.64736301176
baseline,Kuiper,45,3240,157407.40740740742,0.1,0.1,0.005,34617.40314352941
baseline,Kuiper,46,3240,157407.40740740742,0.1,0.1,0.005,41523.10511209412
baseline,Kuiper,47,3240,157407.40740740742,0.1,0.1,0.005,36071.22388404705
baseline,Kuiper,48,3240,157407.40740740742,0.1,0.1,0.005,41523.10511209412
baseline,Kuiper,49,3240,157407.40740740742,0.1,0.1,0.005,41523.10511209412
baseline,Kuiper,50,3240,157407.40740740742,0.1,0.1,0.005,41523.10511209412
baseline,Kuiper,51,3240,157407.40740740742,0.1,0.1,0.005,38978.898258070585
baseline,Kuiper,52,3240,157407.40740740742,0.1,0.1,0.005,41523.10511209412
baseline,Kuiper,53,3240,157407.40740740742,0.1,0.1,0.005,41523.10511209412
baseline,Kuiper,54,3240,157407.40740740742,0.1,0.1,0.005,36071.22388404705
baseline,Kuiper,55,3240,157407.40740740742,0.1,0.1,0.005,41523.10511209412
baseline,Kuiper,56,3240,157407.40740740742,0.1,0.1,0.005,27090.846022023525
baseline,Kuiper,57,3240,157407.40740740742,0.1,0.1,0.005,32436.64736301176
baseline,Kuiper,58,3240,157407.40740740742,0.1,0.1,0.005,41523.10511209412
baseline,Kuiper,59,3240,157407.40740740742,0.1,0.1,0.005,41523.10511209412
baseline,Kuiper,60,3240,157407.40740740742,0.1,0.1,0.005,41523.10511209412
baseline,Kuiper,61,3240,157407.40740740742,0.1,0.1,0.005,32436.64736301176
baseline,Kuiper,62,3240,157407.40740740742,0.1,0.1,0.005,41523.10511209412
baseline,Kuiper,63,3240,157407.40740740742,0.1,0.1,0.005,41523.10511209412
baseline,Kuiper,64,3240,157407.40740740742,0.1,0.1,0.005,41523.10511209412
baseline,Kuiper,65,3240,157407.40740740742,0.1,0.1,0.005,38978.898258070585
baseline,Kuiper,66,3240,157407.40740740742,0.1,0.1,0.005,41523.10511209412
baseline,Kuiper,67,3240,157407.40740740742,0.1,0.1,0.005,41523.10511209412
baseline,Kuiper,68,3240,157407.40740740742,0.1,0.1,0.005,38978.898258070585
baseline,Kuiper,69,3240,157407.40740740742,0.1,0.1,0.005,41523.10511209412
baseline,Kuiper,70,3240,157407.40740740742,0.1,0.1,0.005,41523.10511209412
baseline,Kuiper,71,3240,157407.40740740742,0.1,0.1,0.005,27090.846022023525
baseline,Kuiper,72,3240,157407.40740740742,0.1,0.1,0.005,38978.898258070585
baseline,Kuiper,73,3240,157407.40740740742,0.1,0.1,0.005,41523.10511209412
baseline,Kuiper,74,3240,157407.40740740742,0.1,0.1,0.005,36071.22388404705
baseline,Kuiper,75,3240,157407.40740740742,0.1,0.1,0.005,41523.10511209412
baseline,Kuiper,76,3240,157407.40740740742,0.1,0.1,0.005,41523.10511209412
baseline,Kuiper,77,3240,157407.40740740742,0.1,0.1,0.005,41523.10511209412
baseline,Kuiper,78,3240,157407.40740740742,0.1,0.1,0.005,27090.846022023525
baseline,Kuiper,79,3240,157407.40740740742,0.1,0.1,0.005,41523.10511209412
baseline,Kuiper,80,3240,157407.40740740742,0.1,0.1,0.005,41523.10511209412
baseline,Kuiper,81,3240,157407.40740740742,0.1,0.1,0.005,27090.846022023525
baseline,Kuiper,82,3240,157407.40740740742,0.1,0.1,0.005,41523.10511209412
baseline,Kuiper,83,3240,157407.40740740742,0.1,0.1,0.005,32436.64736301176
baseline,Kuiper,84,3240,157407.40740740742,0.1,0.1,0.005,41523.10511209412
baseline,Kuiper,85,3240,157407.40740740742,0.1,0.1,0.005,41523.10511209412
baseline,Kuiper,86,3240,157407.40740740742,0.1,0.1,0.005,41523.10511209412
baseline,Kuiper,87,3240,157407.40740740742,0.1,0.1,0.005,41523.10511209412
baseline,Kuiper,88,3240,157407.40740740742,0.1,0.1,0.005,27090.846022023525
baseline,Kuiper,89,3240,157407.40740740742,0.1,0.1,0.005,36071.22388404705
baseline,Kuiper,90,3240,157407.40740740742,0.1,0.1,0.005,27090.846022023525
baseline,Kuiper,91,3240,157407.40740740742,0.1,0.1,0.005,41523.10511209412
baseline,Kuiper,92,3240,157407.40740740742,0.1,0.1,0.005,41523.10511209412
baseline,Kuiper,93,3240,157407.40740740742,0.1,0.1,0.005,41523.10511209412
baseline,Kuiper,94,3240,157407.40740740742,0.1,0.1,0.005,36071.22388404705
baseline,Kuiper,95,3240,157407.40740740742,0.1,0.1,0.005,38978.898258070585
baseline,Kuiper,96,3240,157407.40740740742,0.1,0.1,0.005,41523.10511209412
baseline,Kuiper,97,3240,157407.40740740742,0.1,0.1,0.005,41523.10511209412
baseline,Kuiper,98,3240,157407.40740740742,0.1,0.1,0.005,32436.64736301176
baseline,Kuiper,99,3240,157407.40740740742,0.1,0.1,0.005,38978.898258070585
baseline,Kuiper,0,3240,157407.40740740742,1.0,1.0,0.05,3897.8898258070585
baseline,Kuiper,1,3240,157407.40740740742,1.0,1.0,0.05,4152.310511209412
baseline,Kuiper,2,3240,157407.40740740742,1.0,1.0,0.05,4152.310511209412
baseline,Kuiper,3,3240,157407.40740740742,1.0,1.0,0.05,3461.7403143529405
baseline,Kuiper,4,3240,157407.40740740742,1.0,1.0,0.05,3607.1223884047054
baseline,Kuiper,5,3240,157407.40740740742,1.0,1.0,0.05,4152.310511209412
baseline,Kuiper,6,3240,157407.40740740742,1.0,1.0,0.05,3461.7403143529405
baseline,Kuiper,7,3240,157407.40740740742,1.0,1.0,0.05,3243.664736301176
baseline,Kuiper,8,3240,157407.40740740742,1.0,1.0,0.05,4152.310511209412
baseline,Kuiper,9,3240,157407.40740740742,1.0,1.0,0.05,3897.8898258070585
baseline,Kuiper,10,3240,157407.40740740742,1.0,1.0,0.05,4152.310511209412
baseline,Kuiper,11,3240,157407.40740740742,1.0,1.0,0.05,3243.664736301176
baseline,Kuiper,12,3240,157407.40740740742,1.0,1.0,0.05,4152.310511209412
baseline,Kuiper,13,3240,157407.40740740742,1.0,1.0,0.05,4043.2735445082344
baseline,Kuiper,14,3240,157407.40740740742,1.0,1.0,0.05,3243.664736301176
baseline,Kuiper,15,3240,157407.40740740742,1.0,1.0,0.05,4152.310511209412
baseline,Kuiper,16,3240,157407.40740740742,1.0,1.0,0.05,4152.310511209412
baseline,Kuiper,17,3240,157407.40740740742,1.0,1.0,0.05,4152.310511209412
baseline,Kuiper,18,3240,157407.40740740742,1.0,1.0,0.05,3897.8898258070585
baseline,Kuiper,19,3240,157407.40740740742,1.0,1.0,0.05,3897.8898258070585
baseline,Kuiper,20,3240,157407.40740740742,1.0,1.0,0.05,4152.310511209412
baseline,Kuiper,21,3240,157407.40740740742,1.0,1.0,0.05,4152.310511209412
baseline,Kuiper,22,3240,157407.40740740742,1.0,1.0,0.05,4152.310511209412
baseline,Kuiper,23,3240,157407.40740740742,1.0,1.0,0.05,4152.310511209412
baseline,Kuiper,24,3240,157407.40740740742,1.0,1.0,0.05,4152.310511209412
baseline,Kuiper,25,3240,157407.40740740742,1.0,1.0,0.05,3897.8898258070585
baseline,Kuiper,26,3240,157407.40740740742,1.0,1.0,0.05,2709.0846022023525
baseline,Kuiper,27,3240,157407.40740740742,1.0,1.0,0.05,3897.8898258070585
baseline,Kuiper,28,3240,157407.40740740742,1.0,1.0,0.05,2709.0846022023525
baseline,Kuiper,29,3240,157407.40740740742,1.0,1.0,0.05,4152.310511209412
baseline,Kuiper,30,3240,157407.40740740742,1.0,1.0,0.05,2709.0846022023525
baseline,Kuiper,31,3240,157407.40740740742,1.0,1.0,0.05,3461.7403143529405
baseline,Kuiper,32,3240,157407.40740740742,1.0,1.0,0.05,4152.310511209412
baseline,Kuiper,33,3240,157407.40740740742,1.0,1.0,0.05,4152.310511209412
baseline,Kuiper,34,3240,157407.40740740742,1.0,1.0,0.05,4152.310511209412
baseline,Kuiper,35,3240,157407.40740740742,1.0,1.0,0.05,4152.310511209412
baseline,Kuiper,36,3240,157407.40740740742,1.0,1.0,0.05,3607.1223884047054
baseline,Kuiper,37,3240,157407.40740740742,1.0,1.0,0.05,3461.7403143529405
baseline,Kuiper,38,3240,157407.40740740742,1.0,1.0,0.05,3897.8898258070585
baseline,Kuiper,39,3240,157407.40740740742,1.0,1.0,0.05,4152.310511209412
baseline,Kuiper,40,3240,157407.40740740742,1.0,1.0,0.05,3461.7403143529405
baseline,Kuiper,41,3240,157407.40740740742,1.0,1.0,0.05,4152.310511209412
baseline,Kuiper,42,3240,157407.40740740742,1.0,1.0,0.05,4152.310511209412
baseline,Kuiper,43,3240,157407.40740740742,1.0,1.0,0.05,4152.310511209412
baseline,Kuiper,44,3240,157407.40740740742,1.0,1.0,0.05,3243.664736301176
baseline,Kuiper,45,3240,157407.40740740742,1.0,1.0,0.05,3461.7403143529405
baseline,Kuiper,46,3240,157407.40740740742,1.0,1.0,0.05,4152.310511209412
baseline,Kuiper,47,3240,157407.40740740742,1.0,1.0,0.05,3607.1223884047054
baseline,Kuiper,48,3240,157407.40740740742,1.0,1.0,0.05,4152.310511209412
baseline,Kuiper,49,3240,157407.40740740742,1.0,1.0,0.05,4152.310511209412
baseline,Kuiper,50,3240,157407.40740740742,1.0,1.0,0.05,4152.310511209412
baseline,Kuiper,51,3240,157407.40740740742,1.0,1.0,0.05,3897.8898258070585
baseline,Kuiper,52,3240,157407.40740740742,1.0,1.0,0.05,4152.310511209412
baseline,Kuiper,53,3240,157407.40740740742,1.0,1.0,0.05,4152.310511209412
baseline,Kuiper,54,3240,157407.40740740742,1.0,1.0,0.05,3607.1223884047054
baseline,Kuiper,55,3240,157407.40740740742,1.0,1.0,0.05,4152.310511209412
baseline,Kuiper,56,3240,157407.40740740742,1.0,1.0,0.05,2709.0846022023525
baseline,Kuiper,57,3240,157407.40740740742,1.0,1.0,0.05,3243.664736301176
baseline,Kuiper,58,3240,157407.40740740742,1.0,1.0,0.05,4152.310511209412
baseline,Kuiper,59,3240,157407.40740740742,1.0,1.0,0.05,4152.310511209412
baseline,Kuiper,60,3240,157407.40740740742,1.0,1.0,0.05,4152.310511209412
baseline,Kuiper,61,3240,157407.40740740742,1.0,1.0,0.05,3243.664736301176
baseline,Kuiper,62,3240,157407.40740740742,1.0,1.0,0.05,4152.310511209412
baseline,Kuiper,63,3240,157407.40740740742,1.0,1.0,0.05,4152.310511209412
baseline,Kuiper,64,3240,157407.40740740742,1.0,1.0,0.05,4152.310511209412
baseline,Kuiper,65,3240,157407.40740740742,1.0,1.0,0.05,3897.8898258070585
baseline,Kuiper,66,3240,157407.40740740742,1.0,1.0,0.05,4152.310511209412
baseline,Kuiper,67,3240,157407.40740740742,1.0,1.0,0.05,4152.310511209412
baseline,Kuiper,68,3240,157407.40740740742,1.0,1.0,0.05,3897.8898258070585
baseline,Kuiper,69,3240,157407.40740740742,1.0,1.0,0.05,4152.310511209412
baseline,Kuiper,70,3240,157407.40740740742,1.0,1.0,0.05,4152.310511209412
baseline,Kuiper,71,3240,157407.40740740742,1.0,1.0,0.05,2709.0846022023525
baseline,Kuiper,72,3240,157407.40740740742,1.0,1.0,0.05,3897.8898258070585
baseline,Kuiper,73,3240,157407.40740740742,1.0,1.0,0.05,4152.310511209412
baseline,Kuiper,74,3240,157407.40740740742,1.0,1.0,0.05,3607.1223884047054
baseline,Kuiper,75,3240,157407.40740740742,1.0,1.0,0.05,4152.310511209412
baseline,Kuiper,76,3240,157407.40740740742,1.0,1.0,0.05,4152.310511209412
baseline,Kuiper,77,3240,157407.40740740742,1.0,1.0,0.05,4152.310511209412
baseline,Kuiper,78,3240,157407.40740740742,1.0,1.0,0.05,2709.0846022023525
baseline,Kuiper,79,3240,157407.40740740742,1.0,1.0,0.05,4152.310511209412
baseline,Kuiper,80,3240,157407.40740740742,1.0,1.0,0.05,4152.310511209412
baseline,Kuiper,81,3240,157407.40740740742,1.0,1.0,0.05,2709.0846022023525
baseline,Kuiper,82,3240,157407.40740740742,1.0,1.0,0.05,4152.310511209412
baseline,Kuiper,83,3240,157407.40740740742,1.0,1.0,0.05,3243.664736301176
baseline,Kuiper,84,3240,157407.40740740742,1.0,1.0,0.05,4152.310511209412
baseline,Kuiper,85,3240,157407.40740740742,1.0,1.0,0.05,4152.310511209412
baseline,Kuiper,86,3240,157407.40740740742,1.0,1.0,0.05,4152.310511209412
baseline,Kuiper,87,3240,157407.40740740742,1.0,1.0,0.05,4152.310511209412
baseline,Kuiper,88,3240,157407.40740740742,1.0,1.0,0.05,2709.0846022023525
baseline,Kuiper,89,3240,157407.40740740742,1.0,1.0,0.05,3607.1223884047054
baseline,Kuiper,90,3240,157407.40740740742,1.0,1.0,0.05,2709.0846022023525
baseline,Kuiper,91,3240,157407.40740740742,1.0,1.0,0.05,4152.310511209412
baseline,Kuiper,92,3240,157407.40740740742,1.0,1.0,0.05,4152.310511209412
baseline,Kuiper,93,3240,157407.40740740742,1.0,1.0,0.05,4152.310511209412
baseline,Kuiper,94,3240,157407.40740740742,1.0,1.0,0.05,3607.1223884047054
baseline,Kuiper,95,3240,157407.40740740742,1.0,1.0,0.05,3897.8898258070585
baseline,Kuiper,96,3240,157407.40740740742,1.0,1.0,0.05,4152.310511209412
baseline,Kuiper,97,3240,157407.40740740742,1.0,1.0,0.05,4152.310511209412
baseline,Kuiper,98,3240,157407.40740740742,1.0,1.0,0.05,3243.664736301176
baseline,Kuiper,99,3240,157407.40740740742,1.0,1.0,0.05,3897.8898258070585
baseline,Kuiper,0,3240,157407.40740740742,2.0,2.0,0.1,1948.9449129035293
baseline,Kuiper,1,3240,157407.40740740742,2.0,2.0,0.1,2076.155255604706
baseline,Kuiper,2,3240,157407.40740740742,2.0,2.0,0.1,2076.155255604706
baseline,Kuiper,3,3240,157407.40740740742,2.0,2.0,0.1,1730.8701571764702
baseline,Kuiper,4,3240,157407.40740740742,2.0,2.0,0.1,1803.5611942023527
baseline,Kuiper,5,3240,157407.40740740742,2.0,2.0,0.1,2076.155255604706
baseline,Kuiper,6,3240,157407.40740740742,2.0,2.0,0.1,1730.8701571764702
baseline,Kuiper,7,3240,157407.40740740742,2.0,2.0,0.1,1621.832368150588
baseline,Kuiper,8,3240,157407.40740740742,2.0,2.0,0.1,2076.155255604706
baseline,Kuiper,9,3240,157407.40740740742,2.0,2.0,0.1,1948.9449129035293
baseline,Kuiper,10,3240,157407.40740740742,2.0,2.0,0.1,2076.155255604706
baseline,Kuiper,11,3240,157407.40740740742,2.0,2.0,0.1,1621.832368150588
baseline,Kuiper,12,3240,157407.40740740742,2.0,2.0,0.1,2076.155255604706
baseline,Kuiper,13,3240,157407.40740740742,2.0,2.0,0.1,2021.6367722541172
baseline,Kuiper,14,3240,157407.40740740742,2.0,2.0,0.1,1621.832368150588
baseline,Kuiper,15,3240,157407.40740740742,2.0,2.0,0.1,2076.155255604706
baseline,Kuiper,16,3240,157407.40740740742,2.0,2.0,0.1,2076.155255604706
baseline,Kuiper,17,3240,157407.40740740742,2.0,2.0,0.1,2076.155255604706
baseline,Kuiper,18,3240,157407.40740740742,2.0,2.0,0.1,1948.9449129035293
baseline,Kuiper,19,3240,157407.40740740742,2.0,2.0,0.1,1948.9449129035293
baseline,Kuiper,20,3240,157407.40740740742,2.0,2.0,0.1,2076.155255604706
baseline,Kuiper,21,3240,157407.40740740742,2.0,2.0,0.1,2076.155255604706
baseline,Kuiper,22,3240,157407.40740740742,2.0,2.0,0.1,2076.155255604706
baseline,Kuiper,23,3240,157407.40740740742,2.0,2.0,0.1,2076.155255604706
baseline,Kuiper,24,3240,157407.40740740742,2.0,2.0,0.1,2076.155255604706
baseline,Kuiper,25,3240,157407.40740740742,2.0,2.0,0.1,1948.9449129035293
baseline,Kuiper,26,3240,157407.40740740742,2.0,2.0,0.1,1354.5423011011762
baseline,Kuiper,27,3240,157407.40740740742,2.0,2.0,0.1,1948.9449129035293
baseline,Kuiper,28,3240,157407.40740740742,2.0,2.0,0.1,1354.5423011011762
baseline,Kuiper,29,3240,157407.40740740742,2.0,2.0,0.1,2076.155255604706
baseline,Kuiper,30,3240,157407.40740740742,2.0,2.0,0.1,1354.5423011011762
baseline,Kuiper,31,3240,157407.40740740742,2.0,2.0,0.1,1730.8701571764702
baseline,Kuiper,32,3240,157407.40740740742,2.0,2.0,0.1,2076.155255604706
baseline,Kuiper,33,3240,157407.40740740742,2.0,2.0,0.1,2076.155255604706
baseline,Kuiper,34,3240,157407.40740740742,2.0,2.0,0.1,2076.155255604706
baseline,Kuiper,35,3240,157407.40740740742,2.0,2.0,0.1,2076.155255604706
baseline,Kuiper,36,3240,157407.40740740742,2.0,2.0,0.1,1803.5611942023527
baseline,Kuiper,37,3240,157407.40740740742,2.0,2.0,0.1,1730.8701571764702
baseline,Kuiper,38,3240,157407.40740740742,2.0,2.0,0.1,1948.9449129035293
baseline,Kuiper,39,3240,157407.40740740742,2.0,2.0,0.1,2076.155255604706
baseline,Kuiper,40,3240,157407.40740740742,2.0,2.0,0.1,1730.8701571764702
baseline,Kuiper,41,3240,157407.40740740742,2.0,2.0,0.1,2076.155255604706
baseline,Kuiper,42,3240,157407.40740740742,2.0,2.0,0.1,2076.155255604706
baseline,Kuiper,43,3240,157407.40740740742,2.0,2.0,0.1,2076.155255604706
baseline,Kuiper,44,3240,157407.40740740742,2.0,2.0,0.1,1621.832368150588
baseline,Kuiper,45,3240,157407.40740740742,2.0,2.0,0.1,1730.8701571764702
baseline,Kuiper,46,3240,157407.40740740742,2.0,2.0,0.1,2076.155255604706
baseline,Kuiper,47,3240,157407.40740740742,2.0,2.0,0.1,1803.5611942023527
baseline,Kuiper,48,3240,157407.40740740742,2.0,2.0,0.1,2076.155255604706
baseline,Kuiper,49,3240,157407.40740740742,2.0,2.0,0.1,2076.155255604706
baseline,Kuiper,50,3240,157407.40740740742,2.0,2.0,0.1,2076.155255604706
baseline,Kuiper,51,3240,157407.40740740742,2.0,2.0,0.1,1948.9449129035293
baseline,Kuiper,52,3240,157407.40740740742,2.0,2.0,0.1,2076.155255604706
baseline,Kuiper,53,3240,157407.40740740742,2.0,2.0,0.1,2076.155255604706
baseline,Kuiper,54,3240,157407.40740740742,2.0,2.0,0.1,1803.5611942023527
baseline,Kuiper,55,3240,157407.40740740742,2.0,2.0,0.1,2076.155255604706
baseline,Kuiper,56,3240,157407.40740740742,2.0,2.0,0.1,1354.5423011011762
baseline,Kuiper,57,3240,157407.40740740742,2.0,2.0,0.1,1621.832368150588
baseline,Kuiper,58,3240,157407.40740740742,2.0,2.0,0.1,2076.155255604706
baseline,Kuiper,59,3240,157407.40740740742,2.0,2.0,0.1,2076.155255604706
baseline,Kuiper,60,3240,157407.40740740742,2.0,2.0,0.1,2076.155255604706
baseline,Kuiper,61,3240,157407.40740740742,2.0,2.0,0.1,1621.832368150588
baseline,Kuiper,62,3240,157407.40740740742,2.0,2.0,0.1,2076.155255604706
baseline,Kuiper,63,3240,157407.40740740742,2.0,2.0,0.1,2076.155255604706
baseline,Kuiper,64,3240,157407.40740740742,2.0,2.0,0.1,2076.155255604706
baseline,Kuiper,65,3240,157407.40740740742,2.0,2.0,0.1,1948.9449129035293
baseline,Kuiper,66,3240,157407.40740740742,2.0,2.0,0.1,2076.155255604706
baseline,Kuiper,67,3240,157407.40740740742,2.0,2.0,0.1,2076.155255604706
baseline,Kuiper,68,3240,157407.40740740742,2.0,2.0,0.1,1948.9449129035293
baseline,Kuiper,69,3240,157407.40740740742,2.0,2.0,0.1,2076.155255604706
baseline,Kuiper,70,3240,157407.40740740742,2.0,2.0,0.1,2076.155255604706
baseline,Kuiper,71,3240,157407.40740740742,2.0,2.0,0.1,1354.5423011011762
baseline,Kuiper,72,3240,157407.40740740742,2.0,2.0,0.1,1948.9449129035293
baseline,Kuiper,73,3240,157407.40740740742,2.0,2.0,0.1,2076.155255604706
baseline,Kuiper,74,3240,157407.40740740742,2.0,2.0,0.1,1803.5611942023527
baseline,Kuiper,75,3240,157407.40740740742,2.0,2.0,0.1,2076.155255604706
baseline,Kuiper,76,3240,157407.40740740742,2.0,2.0,0.1,2076.155255604706
baseline,Kuiper,77,3240,157407.40740740742,2.0,2.0,0.1,2076.155255604706
baseline,Kuiper,78,3240,157407.40740740742,2.0,2.0,0.1,1354.5423011011762
baseline,Kuiper,79,3240,157407.40740740742,2.0,2.0,0.1,2076.155255604706
baseline,Kuiper,80,3240,157407.40740740742,2.0,2.0,0.1,2076.155255604706
baseline,Kuiper,81,3240,157407.40740740742,2.0,2.0,0.1,1354.5423011011762
baseline,Kuiper,82,3240,157407.40740740742,2.0,2.0,0.1,2076.155255604706
baseline,Kuiper,83,3240,157407.40740740742,2.0,2.0,0.1,1621.832368150588
baseline,Kuiper,84,3240,157407.40740740742,2.0,2.0,0.1,2076.155255604706
baseline,Kuiper,85,3240,157407.40740740742,2.0,2.0,0.1,2076.155255604706
baseline,Kuiper,86,3240,157407.40740740742,2.0,2.0,0.1,2076.155255604706
baseline,Kuiper,87,3240,157407.40740740742,2.0,2.0,0.1,2076.155255604706
baseline,Kuiper,88,3240,157407.40740740742,2.0,2.0,0.1,1354.5423011011762
baseline,Kuiper,89,3240,157407.40740740742,2.0,2.0,0.1,1803.5611942023527
baseline,Kuiper,90,3240,157407.40740740742,2.0,2.0,0.1,1354.5423011011762
baseline,Kuiper,91,3240,157407.40740740742,2.0,2.0,0.1,2076.155255604706
baseline,Kuiper,92,3240,157407.40740740742,2.0,2.0,0.1,2076.155255604706
baseline,Kuiper,93,3240,157407.40740740742,2.0,2.0,0.1,2076.155255604706
baseline,Kuiper,94,3240,157407.40740740742,2.0,2.0,0.1,1803.5611942023527
baseline,Kuiper,95,3240,157407.40740740742,2.0,2.0,0.1,1948.9449129035293
baseline,Kuiper,96,3240,157407.40740740742,2.0,2.0,0.1,2076.155255604706
baseline,Kuiper,97,3240,157407.40740740742,2.0,2.0,0.1,2076.155255604706
baseline,Kuiper,98,3240,157407.40740740742,2.0,2.0,0.1,1621.832368150588
baseline,Kuiper,99,3240,157407.40740740742,2.0,2.0,0.1,1948.9449129035293
baseline,Kuiper,0,3240,157407.40740740742,3.0,3.0,0.15,1299.296608602353
baseline,Kuiper,1,3240,157407.40740740742,3.0,3.0,0.15,1384.1035037364707
baseline,Kuiper,2,3240,157407.40740740742,3.0,3.0,0.15,1384.1035037364707
baseline,Kuiper,3,3240,157407.40740740742,3.0,3.0,0.15,1153.913438117647
baseline,Kuiper,4,3240,157407.40740740742,3.0,3.0,0.15,1202.3741294682352
baseline,Kuiper,5,3240,157407.40740740742,3.0,3.0,0.15,1384.1035037364707
baseline,Kuiper,6,3240,157407.40740740742,3.0,3.0,0.15,1153.913438117647
baseline,Kuiper,7,3240,157407.40740740742,3.0,3.0,0.15,1081.2215787670589
baseline,Kuiper,8,3240,157407.40740740742,3.0,3.0,0.15,1384.1035037364707
baseline,Kuiper,9,3240,157407.40740740742,3.0,3.0,0.15,1299.296608602353
baseline,Kuiper,10,3240,157407.40740740742,3.0,3.0,0.15,1384.1035037364707
baseline,Kuiper,11,3240,157407.40740740742,3.0,3.0,0.15,1081.2215787670589
baseline,Kuiper,12,3240,157407.40740740742,3.0,3.0,0.15,1384.1035037364707
baseline,Kuiper,13,3240,157407.40740740742,3.0,3.0,0.15,1347.7578481694115
baseline,Kuiper,14,3240,157407.40740740742,3.0,3.0,0.15,1081.2215787670589
baseline,Kuiper,15,3240,157407.40740740742,3.0,3.0,0.15,1384.1035037364707
baseline,Kuiper,16,3240,157407.40740740742,3.0,3.0,0.15,1384.1035037364707
baseline,Kuiper,17,3240,157407.40740740742,3.0,3.0,0.15,1384.1035037364707
baseline,Kuiper,18,3240,157407.40740740742,3.0,3.0,0.15,1299.296608602353
baseline,Kuiper,19,3240,157407.40740740742,3.0,3.0,0.15,1299.296608602353
baseline,Kuiper,20,3240,157407.40740740742,3.0,3.0,0.15,1384.1035037364707
baseline,Kuiper,21,3240,157407.40740740742,3.0,3.0,0.15,1384.1035037364707
baseline,Kuiper,22,3240,157407.40740740742,3.0,3.0,0.15,1384.1035037364707
baseline,Kuiper,23,3240,157407.40740740742,3.0,3.0,0.15,1384.1035037364707
baseline,Kuiper,24,3240,157407.40740740742,3.0,3.0,0.15,1384.1035037364707
baseline,Kuiper,25,3240,157407.40740740742,3.0,3.0,0.15,1299.296608602353
baseline,Kuiper,26,3240,157407.40740740742,3.0,3.0,0.15,903.0282007341176
baseline,Kuiper,27,3240,157407.40740740742,3.0,3.0,0.15,1299.296608602353
baseline,Kuiper,28,3240,157407.40740740742,3.0,3.0,0.15,903.0282007341176
baseline,Kuiper,29,3240,157407.40740740742,3.0,3.0,0.15,1384.1035037364707
baseline,Kuiper,30,3240,157407.40740740742,3.0,3.0,0.15,903.0282007341176
baseline,Kuiper,31,3240,157407.40740740742,3.0,3.0,0.15,1153.913438117647
baseline,Kuiper,32,3240,157407.40740740742,3.0,3.0,0.15,1384.1035037364707
baseline,Kuiper,33,3240,157407.40740740742,3.0,3.0,0.15,1384.1035037364707
baseline,Kuiper,34,3240,157407.40740740742,3.0,3.0,0.15,1384.1035037364707
baseline,Kuiper,35,3240,157407.40740740742,3.0,3.0,0.15,1384.1035037364707
baseline,Kuiper,36,3240,157407.40740740742,3.0,3.0,0.15,1202.3741294682352
baseline,Kuiper,37,3240,157407.40740740742,3.0,3.0,0.15,1153.913438117647
baseline,Kuiper,38,3240,157407.40740740742,3.0,3.0,0.15,1299.296608602353
baseline,Kuiper,39,3240,157407.40740740742,3.0,3.0,0.15,1384.1035037364707
baseline,Kuiper,40,3240,157407.40740740742,3.0,3.0,0.15,1153.913438117647
baseline,Kuiper,41,3240,157407.40740740742,3.0,3.0,0.15,1384.1035037364707
baseline,Kuiper,42,3240,157407.40740740742,3.0,3.0,0.15,1384.1035037364707
baseline,Kuiper,43,3240,157407.40740740742,3.0,3.0,0.15,1384.1035037364707
baseline,Kuiper,44,3240,157407.40740740742,3.0,3.0,0.15,1081.2215787670589
baseline,Kuiper,45,3240,157407.40740740742,3.0,3.0,0.15,1153.913438117647
baseline,Kuiper,46,3240,157407.40740740742,3.0,3.0,0.15,1384.1035037364707
baseline,Kuiper,47,3240,157407.40740740742,3.0,3.0,0.15,1202.3741294682352
baseline,Kuiper,48,3240,157407.40740740742,3.0,3.0,0.15,1384.1035037364707
baseline,Kuiper,49,3240,157407.40740740742,3.0,3.0,0.15,1384.1035037364707
baseline,Kuiper,50,3240,157407.40740740742,3.0,3.0,0.15,1384.1035037364707
baseline,Kuiper,51,3240,157407.40740740742,3.0,3.0,0.15,1299.296608602353
baseline,Kuiper,52,3240,157407.40740740742,3.0,3.0,0.15,1384.1035037364707
baseline,Kuiper,53,3240,157407.40740740742,3.0,3.0,0.15,1384.1035037364707
baseline,Kuiper,54,3240,157407.40740740742,3.0,3.0,0.15,1202.3741294682352
baseline,Kuiper,55,3240,157407.40740740742,3.0,3.0,0.15,1384.1035037364707
baseline,Kuiper,56,3240,157407.40740740742,3.0,3.0,0.15,903.0282007341176
baseline,Kuiper,57,3240,157407.40740740742,3.0,3.0,0.15,1081.2215787670589
baseline,Kuiper,58,3240,157407.40740740742,3.0,3.0,0.15,1384.1035037364707
baseline,Kuiper,59,3240,157407.40740740742,3.0,3.0,0.15,1384.1035037364707
baseline,Kuiper,60,3240,157407.40740740742,3.0,3.0,0.15,1384.1035037364707
baseline,Kuiper,61,3240,157407.40740740742,3.0,3.0,0.15,1081.2215787670589
baseline,Kuiper,62,3240,157407.40740740742,3.0,3.0,0.15,1384.1035037364707
baseline,Kuiper,63,3240,157407.40740740742,3.0,3.0,0.15,1384.1035037364707
baseline,Kuiper,64,3240,157407.40740740742,3.0,3.0,0.15,1384.1035037364707
baseline,Kuiper,65,3240,157407.40740740742,3.0,3.0,0.15,1299.296608602353
baseline,Kuiper,66,3240,157407.40740740742,3.0,3.0,0.15,1384.1035037364707
baseline,Kuiper,67,3240,157407.40740740742,3.0,3.0,0.15,1384.1035037364707
baseline,Kuiper,68,3240,157407.40740740742,3.0,3.0,0.15,1299.296608602353
baseline,Kuiper,69,3240,157407.40740740742,3.0,3.0,0.15,1384.1035037364707
baseline,Kuiper,70,3240,157407.40740740742,3.0,3.0,0.15,1384.1035037364707
baseline,Kuiper,71,3240,157407.40740740742,3.0,3.0,0.15,903.0282007341176
baseline,Kuiper,72,3240,157407.40740740742,3.0,3.0,0.15,1299.296608602353
baseline,Kuiper,73,3240,157407.40740740742,3.0,3.0,0.15,1384.1035037364707
baseline,Kuiper,74,3240,157407.40740740742,3.0,3.0,0.15,1202.3741294682352
baseline,Kuiper,75,3240,157407.40740740742,3.0,3.0,0.15,1384.1035037364707
baseline,Kuiper,76,3240,157407.40740740742,3.0,3.0,0.15,1384.1035037364707
baseline,Kuiper,77,3240,157407.40740740742,3.0,3.0,0.15,1384.1035037364707
baseline,Kuiper,78,3240,157407.40740740742,3.0,3.0,0.15,903.0282007341176
baseline,Kuiper,79,3240,157407.40740740742,3.0,3.0,0.15,1384.1035037364707
baseline,Kuiper,80,3240,157407.40740740742,3.0,3.0,0.15,1384.1035037364707
baseline,Kuiper,81,3240,157407.40740740742,3.0,3.0,0.15,903.0282007341176
baseline,Kuiper,82,3240,157407.40740740742,3.0,3.0,0.15,1384.1035037364707
baseline,Kuiper,83,3240,157407.40740740742,3.0,3.0,0.15,1081.2215787670589
baseline,Kuiper,84,3240,157407.40740740742,3.0,3.0,0.15,1384.1035037364707
baseline,Kuiper,85,3240,157407.40740740742,3.0,3.0,0.15,1384.1035037364707
baseline,Kuiper,86,3240,157407.40740740742,3.0,3.0,0.15,1384.1035037364707
baseline,Kuiper,87,3240,157407.40740740742,3.0,3.0,0.15,1384.1035037364707
baseline,Kuiper,88,3240,157407.40740740742,3.0,3.0,0.15,903.0282007341176
baseline,Kuiper,89,3240,157407.40740740742,3.0,3.0,0.15,1202.3741294682352
baseline,Kuiper,90,3240,157407.40740740742,3.0,3.0,0.15,903.0282007341176
baseline,Kuiper,91,3240,157407.40740740742,3.0,3.0,0.15,1384.1035037364707
baseline,Kuiper,92,3240,157407.40740740742,3.0,3.0,0.15,1384.1035037364707
baseline,Kuiper,93,3240,157407.40740740742,3.0,3.0,0.15,1384.1035037364707
baseline,Kuiper,94,3240,157407.40740740742,3.0,3.0,0.15,1202.3741294682352
baseline,Kuiper,95,3240,157407.40740740742,3.0,3.0,0.15,1299.296608602353
baseline,Kuiper,96,3240,157407.40740740742,3.0,3.0,0.15,1384.1035037364707
baseline,Kuiper,97,3240,157407.40740740742,3.0,3.0,0.15,1384.1035037364707
baseline,Kuiper,98,3240,157407.40740740742,3.0,3.0,0.15,1081.2215787670589
baseline,Kuiper,99,3240,157407.40740740742,3.0,3.0,0.15,1299.296608602353
baseline,Kuiper,0,3240,157407.40740740742,4.0,4.0,0.2,974.4724564517646
baseline,Kuiper,1,3240,157407.40740740742,4.0,4.0,0.2,1038.077627802353
baseline,Kuiper,2,3240,157407.40740740742,4.0,4.0,0.2,1038.077627802353
baseline,Kuiper,3,3240,157407.40740740742,4.0,4.0,0.2,865.4350785882351
baseline,Kuiper,4,3240,157407.40740740742,4.0,4.0,0.2,901.7805971011763
baseline,Kuiper,5,3240,157407.40740740742,4.0,4.0,0.2,1038.077627802353
baseline,Kuiper,6,3240,157407.40740740742,4.0,4.0,0.2,865.4350785882351
baseline,Kuiper,7,3240,157407.40740740742,4.0,4.0,0.2,810.916184075294
baseline,Kuiper,8,3240,157407.40740740742,4.0,4.0,0.2,1038.077627802353
baseline,Kuiper,9,3240,157407.40740740742,4.0,4.0,0.2,974.4724564517646
baseline,Kuiper,10,3240,157407.40740740742,4.0,4.0,0.2,1038.077627802353
baseline,Kuiper,11,3240,157407.40740740742,4.0,4.0,0.2,810.916184075294
baseline,Kuiper,12,3240,157407.40740740742,4.0,4.0,0.2,1038.077627802353
baseline,Kuiper,13,3240,157407.40740740742,4.0,4.0,0.2,1010.8183861270586
baseline,Kuiper,14,3240,157407.40740740742,4.0,4.0,0.2,810.916184075294
baseline,Kuiper,15,3240,157407.40740740742,4.0,4.0,0.2,1038.077627802353
baseline,Kuiper,16,3240,157407.40740740742,4.0,4.0,0.2,1038.077627802353
baseline,Kuiper,17,3240,157407.40740740742,4.0,4.0,0.2,1038.077627802353
baseline,Kuiper,18,3240,157407.40740740742,4.0,4.0,0.2,974.4724564517646
baseline,Kuiper,19,3240,157407.40740740742,4.0,4.0,0.2,974.4724564517646
baseline,Kuiper,20,3240,157407.40740740742,4.0,4.0,0.2,1038.077627802353
baseline,Kuiper,21,3240,157407.40740740742,4.0,4.0,0.2,1038.077627802353
baseline,Kuiper,22,3240,157407.40740740742,4.0,4.0,0.2,1038.077627802353
baseline,Kuiper,23,3240,157407.40740740742,4.0,4.0,0.2,1038.077627802353
baseline,Kuiper,24,3240,157407.40740740742,4.0,4.0,0.2,1038.077627802353
baseline,Kuiper,25,3240,157407.40740740742,4.0,4.0,0.2,974.4724564517646
baseline,Kuiper,26,3240,157407.40740740742,4.0,4.0,0.2,677.2711505505881
baseline,Kuiper,27,3240,157407.40740740742,4.0,4.0,0.2,974.4724564517646
baseline,Kuiper,28,3240,157407.40740740742,4.0,4.0,0.2,677.2711505505881
baseline,Kuiper,29,3240,157407.40740740742,4.0,4.0,0.2,1038.077627802353
baseline,Kuiper,30,3240,157407.40740740742,4.0,4.0,0.2,677.2711505505881
baseline,Kuiper,31,3240,157407.40740740742,4.0,4.0,0.2,865.4350785882351
baseline,Kuiper,32,3240,157407.40740740742,4.0,4.0,0.2,1038.077627802353
baseline,Kuiper,33,3240,157407.40740740742,4.0,4.0,0.2,1038.077627802353
baseline,Kuiper,34,3240,157407.40740740742,4.0,4.0,0.2,1038.077627802353
baseline,Kuiper,35,3240,157407.40740740742,4.0,4.0,0.2,1038.077627802353
baseline,Kuiper,36,3240,157407.40740740742,4.0,4.0,0.2,901.7805971011763
baseline,Kuiper,37,3240,157407.40740740742,4.0,4.0,0.2,865.4350785882351
baseline,Kuiper,38,3240,157407.40740740742,4.0,4.0,0.2,974.4724564517646
baseline,Kuiper,39,3240,157407.40740740742,4.0,4.0,0.2,1038.077627802353
baseline,Kuiper,40,3240,157407.40740740742,4.0,4.0,0.2,865.4350785882351
baseline,Kuiper,41,3240,157407.40740740742,4.0,4.0,0.2,1038.077627802353
baseline,Kuiper,42,3240,157407.40740740742,4.0,4.0,0.2,1038.077627802353
baseline,Kuiper,43,3240,157407.40740740742,4.0,4.0,0.2,1038.077627802353
baseline,Kuiper,44,3240,157407.40740740742,4.0,4.0,0.2,810.916184075294
baseline,Kuiper,45,3240,157407.40740740742,4.0,4.0,0.2,865.4350785882351
baseline,Kuiper,46,3240,157407.40740740742,4.0,4.0,0.2,1038.077627802353
baseline,Kuiper,47,3240,157407.40740740742,4.0,4.0,0.2,901.7805971011763
baseline,Kuiper,48,3240,157407.40740740742,4.0,4.0,0.2,1038.077627802353
baseline,Kuiper,49,3240,157407.40740740742,4.0,4.0,0.2,1038.077627802353
baseline,Kuiper,50,3240,157407.40740740742,4.0,4.0,0.2,1038.077627802353
baseline,Kuiper,51,3240,157407.40740740742,4.0,4.0,0.2,974.4724564517646
baseline,Kuiper,52,3240,157407.40740740742,4.0,4.0,0.2,1038.077627802353
baseline,Kuiper,53,3240,157407.40740740742,4.0,4.0,0.2,1038.077627802353
baseline,Kuiper,54,3240,157407.40740740742,4.0,4.0,0.2,901.7805971011763
baseline,Kuiper,55,3240,157407.40740740742,4.0,4.0,0.2,1038.077627802353
baseline,Kuiper,56,3240,157407.40740740742,4.0,4.0,0.2,677.2711505505881
baseline,Kuiper,57,3240,157407.40740740742,4.0,4.0,0.2,810.916184075294
baseline,Kuiper,58,3240,157407.40740740742,4.0,4.0,0.2,1038.077627802353
baseline,Kuiper,59,3240,157407.40740740742,4.0,4.0,0.2,1038.077627802353
baseline,Kuiper,60,3240,157407.40740740742,4.0,4.0,0.2,1038.077627802353
baseline,Kuiper,61,3240,157407.40740740742,4.0,4.0,0.2,810.916184075294
baseline,Kuiper,62,3240,157407.40740740742,4.0,4.0,0.2,1038.077627802353
baseline,Kuiper,63,3240,157407.40740740742,4.0,4.0,0.2,1038.077627802353
baseline,Kuiper,64,3240,157407.40740740742,4.0,4.0,0.2,1038.077627802353
baseline,Kuiper,65,3240,157407.40740740742,4.0,4.0,0.2,974.4724564517646
baseline,Kuiper,66,3240,157407.40740740742,4.0,4.0,0.2,1038.077627802353
baseline,Kuiper,67,3240,157407.40740740742,4.0,4.0,0.2,1038.077627802353
baseline,Kuiper,68,3240,157407.40740740742,4.0,4.0,0.2,974.4724564517646
baseline,Kuiper,69,3240,157407.40740740742,4.0,4.0,0.2,1038.077627802353
baseline,Kuiper,70,3240,157407.40740740742,4.0,4.0,0.2,1038.077627802353
baseline,Kuiper,71,3240,157407.40740740742,4.0,4.0,0.2,677.2711505505881
baseline,Kuiper,72,3240,157407.40740740742,4.0,4.0,0.2,974.4724564517646
baseline,Kuiper,73,3240,157407.40740740742,4.0,4.0,0.2,1038.077627802353
baseline,Kuiper,74,3240,157407.40740740742,4.0,4.0,0.2,901.7805971011763
baseline,Kuiper,75,3240,157407.40740740742,4.0,4.0,0.2,1038.077627802353
baseline,Kuiper,76,3240,157407.40740740742,4.0,4.0,0.2,1038.077627802353
baseline,Kuiper,77,3240,157407.40740740742,4.0,4.0,0.2,1038.077627802353
baseline,Kuiper,78,3240,157407.40740740742,4.0,4.0,0.2,677.2711505505881
baseline,Kuiper,79,3240,157407.40740740742,4.0,4.0,0.2,1038.077627802353
baseline,Kuiper,80,3240,157407.40740740742,4.0,4.0,0.2,1038.077627802353
baseline,Kuiper,81,3240,157407.40740740742,4.0,4.0,0.2,677.2711505505881
baseline,Kuiper,82,3240,157407.40740740742,4.0,4.0,0.2,1038.077627802353
baseline,Kuiper,83,3240,157407.40740740742,4.0,4.0,0.2,810.916184075294
baseline,Kuiper,84,3240,157407.40740740742,4.0,4.0,0.2,1038.077627802353
baseline,Kuiper,85,3240,157407.40740740742,4.0,4.0,0.2,1038.077627802353
baseline,Kuiper,86,3240,157407.40740740742,4.0,4.0,0.2,1038.077627802353
baseline,Kuiper,87,3240,157407.40740740742,4.0,4.0,0.2,1038.077627802353
baseline,Kuiper,88,3240,157407.40740740742,4.0,4.0,0.2,677.2711505505881
baseline,Kuiper,89,3240,157407.40740740742,4.0,4.0,0.2,901.7805971011763
baseline,Kuiper,90,3240,157407.40740740742,4.0,4.0,0.2,677.2711505505881
baseline,Kuiper,91,3240,157407.40740740742,4.0,4.0,0.2,1038.077627802353
baseline,Kuiper,92,3240,157407.40740740742,4.0,4.0,0.2,1038.077627802353
baseline,Kuiper,93,3240,157407.40740740742,4.0,4.0,0.2,1038.077627802353
baseline,Kuiper,94,3240,157407.40740740742,4.0,4.0,0.2,901.7805971011763
baseline,Kuiper,95,3240,157407.40740740742,4.0,4.0,0.2,974.4724564517646
baseline,Kuiper,96,3240,157407.40740740742,4.0,4.0,0.2,1038.077627802353
baseline,Kuiper,97,3240,157407.40740740742,4.0,4.0,0.2,1038.077627802353
baseline,Kuiper,98,3240,157407.40740740742,4.0,4.0,0.2,810.916184075294
baseline,Kuiper,99,3240,157407.40740740742,4.0,4.0,0.2,974.4724564517646
baseline,Kuiper,0,3240,157407.40740740742,5.0,5.0,0.25,779.5779651614117
baseline,Kuiper,1,3240,157407.40740740742,5.0,5.0,0.25,830.4621022418823
baseline,Kuiper,2,3240,157407.40740740742,5.0,5.0,0.25,830.4621022418823
baseline,Kuiper,3,3240,157407.40740740742,5.0,5.0,0.25,692.3480628705881
baseline,Kuiper,4,3240,157407.40740740742,5.0,5.0,0.25,721.4244776809411
baseline,Kuiper,5,3240,157407.40740740742,5.0,5.0,0.25,830.4621022418823
baseline,Kuiper,6,3240,157407.40740740742,5.0,5.0,0.25,692.3480628705881
baseline,Kuiper,7,3240,157407.40740740742,5.0,5.0,0.25,648.7329472602353
baseline,Kuiper,8,3240,157407.40740740742,5.0,5.0,0.25,830.4621022418823
baseline,Kuiper,9,3240,157407.40740740742,5.0,5.0,0.25,779.5779651614117
baseline,Kuiper,10,3240,157407.40740740742,5.0,5.0,0.25,830.4621022418823
baseline,Kuiper,11,3240,157407.40740740742,5.0,5.0,0.25,648.7329472602353
baseline,Kuiper,12,3240,157407.40740740742,5.0,5.0,0.25,830.4621022418823
baseline,Kuiper,13,3240,157407.40740740742,5.0,5.0,0.25,808.6547089016469
baseline,Kuiper,14,3240,157407.40740740742,5.0,5.0,0.25,648.7329472602353
baseline,Kuiper,15,3240,157407.40740740742,5.0,5.0,0.25,830.4621022418823
baseline,Kuiper,16,3240,157407.40740740742,5.0,5.0,0.25,830.4621022418823
baseline,Kuiper,17,3240,157407.40740740742,5.0,5.0,0.25,830.4621022418823
baseline,Kuiper,18,3240,157407.40740740742,5.0,5.0,0.25,779.5779651614117
baseline,Kuiper,19,3240,157407.40740740742,5.0,5.0,0.25,779.5779651614117
baseline,Kuiper,20,3240,157407.40740740742,5.0,5.0,0.25,830.4621022418823
baseline,Kuiper,21,3240,157407.40740740742,5.0,5.0,0.25,830.4621022418823
baseline,Kuiper,22,3240,157407.40740740742,5.0,5.0,0.25,830.4621022418823
baseline,Kuiper,23,3240,157407.40740740742,5.0,5.0,0.25,830.4621022418823
baseline,Kuiper,24,3240,157407.40740740742,5.0,5.0,0.25,830.4621022418823
baseline,Kuiper,25,3240,157407.40740740742,5.0,5.0,0.25,779.5779651614117
baseline,Kuiper,26,3240,157407.40740740742,5.0,5.0,0.25,541.8169204404705
baseline,Kuiper,27,3240,157407.40740740742,5.0,5.0,0.25,779.5779651614117
baseline,Kuiper,28,3240,157407.40740740742,5.0,5.0,0.25,541.8169204404705
baseline,Kuiper,29,3240,157407.40740740742,5.0,5.0,0.25,830.4621022418823
baseline,Kuiper,30,3240,157407.40740740742,5.0,5.0,0.25,541.8169204404705
baseline,Kuiper,31,3240,157407.40740740742,5.0,5.0,0.25,692.3480628705881
baseline,Kuiper,32,3240,157407.40740740742,5.0,5.0,0.25,830.4621022418823
baseline,Kuiper,33,3240,157407.40740740742,5.0,5.0,0.25,830.4621022418823
baseline,Kuiper,34,3240,157407.40740740742,5.0,5.0,0.25,830.4621022418823
baseline,Kuiper,35,3240,157407.40740740742,5.0,5.0,0.25,830.4621022418823
baseline,Kuiper,36,3240,157407.40740740742,5.0,5.0,0.25,721.4244776809411
baseline,Kuiper,37,3240,157407.40740740742,5.0,5.0,0.25,692.3480628705881
baseline,Kuiper,38,3240,157407.40740740742,5.0,5.0,0.25,779.5779651614117
baseline,Kuiper,39,3240,157407.40740740742,5.0,5.0,0.25,830.4621022418823
baseline,Kuiper,40,3240,157407.40740740742,5.0,5.0,0.25,692.3480628705881
baseline,Kuiper,41,3240,157407.40740740742,5.0,5.0,0.25,830.4621022418823
baseline,Kuiper,42,3240,157407.40740740742,5.0,5.0,0.25,830.4621022418823
baseline,Kuiper,43,3240,157407.40740740742,5.0,5.0,0.25,830.4621022418823
baseline,Kuiper,44,3240,157407.40740740742,5.0,5.0,0.25,648.7329472602353
baseline,Kuiper,45,3240,157407.40740740742,5.0,5.0,0.25,692.3480628705881
baseline,Kuiper,46,3240,157407.40740740742,5.0,5.0,0.25,830.4621022418823
baseline,Kuiper,47,3240,157407.40740740742,5.0,5.0,0.25,721.4244776809411
baseline,Kuiper,48,3240,157407.40740740742,5.0,5.0,0.25,830.4621022418823
baseline,Kuiper,49,3240,157407.40740740742,5.0,5.0,0.25,830.4621022418823
baseline,Kuiper,50,3240,157407.40740740742,5.0,5.0,0.25,830.4621022418823
baseline,Kuiper,51,3240,157407.40740740742,5.0,5.0,0.25,779.5779651614117
baseline,Kuiper,52,3240,157407.40740740742,5.0,5.0,0.25,830.4621022418823
baseline,Kuiper,53,3240,157407.40740740742,5.0,5.0,0.25,830.4621022418823
baseline,Kuiper,54,3240,157407.40740740742,5.0,5.0,0.25,721.4244776809411
baseline,Kuiper,55,3240,157407.40740740742,5.0,5.0,0.25,830.4621022418823
baseline,Kuiper,56,3240,157407.40740740742,5.0,5.0,0.25,541.8169204404705
baseline,Kuiper,57,3240,157407.40740740742,5.0,5.0,0.25,648.7329472602353
baseline,Kuiper,58,3240,157407.40740740742,5.0,5.0,0.25,830.4621022418823
baseline,Kuiper,59,3240,157407.40740740742,5.0,5.0,0.25,830.4621022418823
baseline,Kuiper,60,3240,157407.40740740742,5.0,5.0,0.25,830.4621022418823
baseline,Kuiper,61,3240,157407.40740740742,5.0,5.0,0.25,648.7329472602353
baseline,Kuiper,62,3240,157407.40740740742,5.0,5.0,0.25,830.4621022418823
baseline,Kuiper,63,3240,157407.40740740742,5.0,5.0,0.25,830.4621022418823
baseline,Kuiper,64,3240,157407.40740740742,5.0,5.0,0.25,830.4621022418823
baseline,Kuiper,65,3240,157407.40740740742,5.0,5.0,0.25,779.5779651614117
baseline,Kuiper,66,3240,157407.40740740742,5.0,5.0,0.25,830.4621022418823
baseline,Kuiper,67,3240,157407.40740740742,5.0,5.0,0.25,830.4621022418823
baseline,Kuiper,68,3240,157407.40740740742,5.0,5.0,0.25,779.5779651614117
baseline,Kuiper,69,3240,157407.40740740742,5.0,5.0,0.25,830.4621022418823
baseline,Kuiper,70,3240,157407.40740740742,5.0,5.0,0.25,830.4621022418823
baseline,Kuiper,71,3240,157407.40740740742,5.0,5.0,0.25,541.8169204404705
baseline,Kuiper,72,3240,157407.40740740742,5.0,5.0,0.25,779.5779651614117
baseline,Kuiper,73,3240,157407.40740740742,5.0,5.0,0.25,830.4621022418823
baseline,Kuiper,74,3240,157407.40740740742,5.0,5.0,0.25,721.4244776809411
baseline,Kuiper,75,3240,157407.40740740742,5.0,5.0,0.25,830.4621022418823
baseline,Kuiper,76,3240,157407.40740740742,5.0,5.0,0.25,830.4621022418823
baseline,Kuiper,77,3240,157407.40740740742,5.0,5.0,0.25,830.4621022418823
baseline,Kuiper,78,3240,157407.40740740742,5.0,5.0,0.25,541.8169204404705
baseline,Kuiper,79,3240,157407.40740740742,5.0,5.0,0.25,830.4621022418823
baseline,Kuiper,80,3240,157407.40740740742,5.0,5.0,0.25,830.4621022418823
baseline,Kuiper,81,3240,157407.40740740742,5.0,5.0,0.25,541.8169204404705
baseline,Kuiper,82,3240,157407.40740740742,5.0,5.0,0.25,830.4621022418823
baseline,Kuiper,83,3240,157407.40740740742,5.0,5.0,0.25,648.7329472602353
baseline,Kuiper,84,3240,157407.40740740742,5.0,5.0,0.25,830.4621022418823
baseline,Kuiper,85,3240,157407.40740740742,5.0,5.0,0.25,830.4621022418823
baseline,Kuiper,86,3240,157407.40740740742,5.0,5.0,0.25,830.4621022418823
baseline,Kuiper,87,3240,157407.40740740742,5.0,5.0,0.25,830.4621022418823
baseline,Kuiper,88,3240,157407.40740740742,5.0,5.0,0.25,541.8169204404705
baseline,Kuiper,89,3240,157407.40740740742,5.0,5.0,0.25,721.4244776809411
baseline,Kuiper,90,3240,157407.40740740742,5.0,5.0,0.25,541.8169204404705
baseline,Kuiper,91,3240,157407.40740740742,5.0,5.0,0.25,830.4621022418823
baseline,Kuiper,92,3240,157407.40740740742,5.0,5.0,0.25,830.4621022418823
baseline,Kuiper,93,3240,157407.40740740742,5.0,5.0,0.25,830.4621022418823
baseline,Kuiper,94,3240,157407.40740740742,5.0,5.0,0.25,721.4244776809411
baseline,Kuiper,95,3240,157407.40740740742,5.0,5.0,0.25,779.5779651614117
baseline,Kuiper,96,3240,157407.40740740742,5.0,5.0,0.25,830.4621022418823
baseline,Kuiper,97,3240,157407.40740740742,5.0,5.0,0.25,830.4621022418823
baseline,Kuiper,98,3240,157407.40740740742,5.0,5.0,0.25,648.7329472602353
baseline,Kuiper,99,3240,157407.40740740742,5.0,5.0,0.25,779.5779651614117
